MNTH,Day,Year,MAX,MIN,AVG, DEP,HDD,CDD,WTR,SNW, DPTH,AVGSPD,MAXSPD,DIR, MIN,PSBL, S-S,WX,SPD ,DR
1,1,2021,49,35,38,-7,27,e 9.91,0.01,e.e,e 14.9 23 31e,14.9,23,,M,M,19 1,31 32e,,
1,2,2021,56,36,46,1,19,e e.ee,0,e.e,e,7.9,17,,M,M,4,23 33e,,
1,3,2021,65,36,51,6,14,e e.ee,0,e.e,e,9.9,20,,M,M,1,28 21e,,
1,4,2021,65,34,59,5,15,e e.ee,0,e.e,e,4.9,12,,M,M,3,15,le,
1,5,2021,66,36,51,6,14,e e.ee,0,e.e,e,8.3,17,,M,m,4,23 15e,,
1,6,2021,60,46,53,8,12,e,0.2,e.e,e 16.6 28 32e,16.6,28,,M,M,9,37 28e,,
1,7,2021,48,43,46,,19,e e. el,0.01,e.e,e 16.1 26 33e,16.1,26,,M,M,10,37 32e,,
1,8,2021,50,33,42,-4,23,e e.ee,0,e.e,e,8.9,17,,M,M,6,29 35e,,
1,9,2021,49,29,39,,26,e e.ee,0,e.e,e,5.5,12,se,M,M,4,17 Ile,,
1,16,2021,39,33,36,,29,e 9.12,0.12,T,e,8.7,17,33e,M,M,19 1,23 33e,,
1,11,2021,48,32,40,-6,25,e e. ee,0,e.e,e,6.7,14,2e,M,m,4,18 36e,,
1,12,2021,53,27,40,-6,25,e e.ee,0,e.e,e,6.6,15,2ee,M,M,4,21 26e,,
1,13,2021,64,31,48,2,17,e e.ee,0,e.e,e IO.7,10.7,28,19e,M,M,2,23 19e,,
1,14,2021,64,34,49,3,16,e e.ee,0,e.e,e 15.9,15.9,33,35e,M,M,4,46 36e,,
1,15,2021,53,42,48,2,17,e e.ee,0,e.e,e 18.7,18.7,37,33e,M,M,1,49 31e,,
1,16,2021,57,34,46,e,19,e e.ee,0,e.e,e,7.6,16,31e,M,M,4,23 3ee,,
1,17,2021,69,38,49,3,16,e e.ee,0,e.e,e,8.5,16,33e,M,M,3,26 33e,,
1,18,2021,68,33,51,5,14,e e.ee,0,e.e,e,9.2,25,199,M,M,4,32 18e,,
1,19,2021,69,50,55,9,19,e 9.91,0.01,e.e,e,13.4,21,le,M,M,19,28,le,
1,26,2021,59,43,47,,18,e e.42,0.42,e.e,e,5.1,17,le,M,M,19 1,23,le,
1,21,2021,54,45,59,4,15,e 9.94,0.04,e.e,e,4.4,22,,M,M,9 12,27 17e,,
1,22,2021,52,45,49,3,16,e,0.2,e.e,e,6.5,13,49,M,M,18 12,17,5e,
1,23,2021,52,48,50,4,15,e e. BI,0.01,e.e,e,7.8,13,,M,M,18 12,17 13e,,
1,24,2021,63,51,57,11,8,e e.le,0.1,e.e,e,6.8,14,,M,M,19 12,19 Ile,,
1,25,2021,68,49,59,13,6,e e.e2,0.02,e.e,e,12.7,29,,M,M,4 13,38 31e,,
1,26,2021,56,37,47,e,18,e,0.2,e.e,e,11.3,24,,M,M,3,33 35e,,
1,27,2021,50,33,42,-5,23,e,0.2,e.e,e,11.9,23,,M,M,3,36 33e,,
1,28,2021,49,27,38,-9,27,e e.ee,0,e.a,e,5.5,12,48,M,M,7,14,3e,
1,29,2021,62,34,48,1,17,e e.ee,0,e.e,e 11.3 22 19e,11.3,22,,M,M,7,29 2ee,,
1,30,2021,75,54,65,18,e,e 9.11,0.11,e.e,e 19.6 49 26e,19.6,49,,M,M,6 1378,58 25e,,
1,31,2021,58,41,50,3,15,e e.ee,0,e.e,e 17.2 32 33e,17.2,32,,M,M,1,48 34e,,
2,1,2021,59,34,47,e,18,e e.ee,0,e.e,e,7,14,,M,M,3,19 33e,,
2,2,2021,64,39,52,5,13,e e.ee,0,e.e,e,8,16,,M,M,7,20 180,,
2,3,2021,72,39,56,8-Jan,9,e e.ee,0,e.e,e 14.9 28 190,14.9,28,,M,M,6,37 19e,,
2,4,2021,64,44,54,6,11,e e.ee,0,e.e,e 16.e 29 190,16,29,,M,M,5,40 19el,,
2,5,2021,58,37,48,e,17,e e.ee,0,e.e,e,6.1,13,,M,M,5,2e 14C,,
2,6,2021,59,38,49,,16,e e.ee,0,e.e,e 11.6 24 320,11.6,24,,M,M,7,32 31e,,
2,7,2021,57,35,46,-2,19,e e.ee,0,e.e,e,9.2,18,,M,M,4,26 16e,,
2,8,2021,67,39,53,5,12,e e.el,0,e.e,e 13.8 24 34e,13.8,24,,M,M,8 1,29 34e,,
2,9,2021,39,30,35,,30,e,2,e.e,e 12.4 18 35e,12.4,18,,M,M,le 1,22 330,,
2,10,2021,31,28,30,,35,e,2,e.e,e 13.7 21 36e,13.7,21,,M,M,le 16,25 35e,,
2,11,2021,29,24,27,,38,e,2,e.e,e 15.1 22 350,15.1,22,,M,M,le 16,27 35e,,
2,12,2021,26,21,24,,41,e,2,e.e,e 15.5 21 36a,15.5,21,,M,M,le 168,26 36e,,
2,13,2021,33,20,27,,38,e,2,e.e,e 15.4 22,15.4,22,le,M,M,9 16,32,,
2,14,2021,22,9,16,34,49,e e.14,0.14,4.e,18.3 25 34e,18.3,25,,M,M,le 12469,35,,
2,15,2021,14,4,9,,56,e e. e5,0.05,T,4 18.4 3e 34e,18.4,30,,M,M,5 8,36 33e:,,
2,16,2021,18,-2,8,42,57,e e. e2,0.02,T,3,6.8,16,,M,M,7 1,21 13e :,,
2,17,2021,27,18,23,,42,e e.16,0.16,I.e,4,9,15,,M,M,le 14568,19 35e,,
2,18,2021,31,22,27,,38,e e.ee,0,e.e,3 14.5 21 36a,14.5,21,,M,M,8,26 34e,,
2,19,2021,40,15,28,,37,e e.ee,0,e.e,3,6.5,14,,M,M,e,18 170,,
2,20,2021,56,22,39,,26,e e.ee,0,e.e,,10.7,22,,M,M,e 1,29 17e,,
2,21,2021,74,44,59,8,6,e e.ee,0,e.e,e 16.e 24 33e,16,24,,M,M,5,34 190.,,
2,22,2021,71,34,53,,12,e e.ee,0,e.e,e,7.1,20,,M,M,e,25 22e,,
2,23,2021,81,42,62,10,3,e e.ee,0,e.e,e 16.1 29 2ee,16.1,29,,M,M,1,37 19e,,
2,24,2021,72,51,62,le,3,e e.ee,0,e.e,e 13.8 25 190,13.8,25,,M,M,1,31 190,,
2,25,2021,53,45,49,-3,16,e e.69,0.69,e.e,e 11.3 24 33e,11.3,24,,M,M,8 13,29 33e,,
2,26,2021,57,46,52,-1,13,e I.e5,1.05,e.e,e 4.8 17,4.8,17,10,M,M,9 13,21,,
2,27,2021,71,50,61,8,4,e e. el,0.01,e.e,e,8.2,17,,M,M,le 128,24 180,49,
2,28,2021,77,51,64,11,,e e.e9,0.09,e.e,e 13.5 24 322,13.5,24,,M,M,le 13,33 31e,,
3,1,2021,59,43,51,-3,14,e e.19,0.19,e.e,e 11.e 24,11,24,M,M,8 3,34,2e,,
3,2,2021,63,39,51,-3,14,e e.ee,0,e.e,e,3.8,12,M,M,2,19,le,,
3,3,2021,70,36,53,,12,e e.ee,0,e.e,e,7.5,16,M,M,1,23 21e,,,
3,4,2021,74,46,60,5,5,e e.ee,0,e.e,e 11.6 23 15e,11.6,23,M,M,2,3e 17e,,,
3,5,2021,71,50,61,6,4,e e.ee,0,e.e,e 12.6 23,12.6,23,M,M,7,31,3%,,
3,6,2021,65,42,54,-1,11,e e.ee,0,e.e,e,7.9,14,M,M,1,3e,7e,,
3,7,2021,68,44,56,e,9,e e.ee,0,e.e,e,7.9,20,M,M,3,33 15e,,,
3,8,2021,71,43,57,,8,e e.ee,0,e.e,e le.9 22 19e,10.9,22,M,M,4,3e 18e,,,
3,9,2021,71,56,64,8,,e,2,e.e,e 18.0 29 19e,18,29,M,M,9,38 18e,,,
3,10,2021,76,62,69,13,e,4 e.ee,0,e.e,e 20.5 30 19e,20.5,30,M,M,9,38 17e,,,
3,11,2021,77,68,73,16,e,8 e.ee,0,e.e,e 17.2 31 19e,17.2,31,M,M,9,42 18e,,,
3,12,2021,79,67,73,16,e,8,2,e.e,e 14.5 25 18e,14.5,25,M,M,le,35 16e,,le,
3,13,2021,79,66,73,16,e,8,2,e.e,e 16.1 28 16e,16.1,28,M,M,9,37 15e,,6e,
3,14,2021,75,53,64,6-Jan,,e e.B7,0.07,e.e,e 11.4 36 ne,11.4,36,M,M,7,56 25e,,,
3,15,2021,80,48,64,6,,e e.ee,0,e.e,e,9.6,24,M,M,2,32 26e,,,
3,16,2021,83,57,70,12,e,5 e.ee,0,e.e,e 11.8 24 150,11.8,24,M,M,9,31 17e,,,
3,17,2021,71,46,59,e,6,e 1.24,1.24,e.e,e 18.6 40 26e,18.6,40,M,M,7 138,53 26e,,,
3,18,2021,61,43,52,,13,e e.ee,0,e.e,e 18.2 26 34e,18.2,26,M,M,3,36 32e,,,
3,19,2021,65,41,53,-6,12,e e.ee,0,e.e,e 11.3 20,11.3,20,M,M,1,27,"3e,",2e,
3,20,2021,68,42,55,-4,le,e e.ee,0,e.e,e,8,17,M,M,1,24 12e,,,
3,21,2021,70,43,57,,8,e e.ee,0,e.e,e 13.4 22 16e,13.4,22,M,M,4,33 15e,,,
3,22,2021,63,55,59,—l,6,e 1.13,1.13,e.e,e 14. e 29 13e,14,29,M,M,le 13,38 13e,,,
3,23,2021,75,48,62,2,3,e e.ee,0,e.e,e,9.7,22,M,M,1 8,31 26e,,,
3,24,2021,77,51,64,4,,e 0.17,0.17,e.e,e le.3 28 330,10.3,28,M,M,5 13,34 33e,,,
3,25,2021,68,52,69,—l,5,e e.43,0.43,e.e,e le. e 25 35e,10,25,M,M,6 13,32 36e,,,
3,26,2021,79,52,66,5,e,e.ee,0,e.e,e 10.4 23 15e,10.4,23,M,M,1,28 16e,,,
3,27,2021,81,62,72,11,e,7,2,e.e,e 12.6 29 35e,12.6,29,M,M,6 18,40 35e,,,
3,28,2021,71,54,63,1,2,e e.ee,0,e.e,e 12.4 25 36e,12.4,25,M,M,1,35 36e,,9e,
3,29,2021,79,52,66,4,e,1 e.ee,0,e.e,e 12.6 20 19e,12.6,20,M,M,1,33 2ee,,6e,
3,30,2021,79,59,69,7,e,4,2,e.e,e 14.4 25 2ee,14.4,25,M,M,7,35 21e,,,
3,31,2021,69,50,60,,5,e,2,e.e,e 18.2 3e,18.2,30,M,M,6,39,3e,,
4,1,2021,79,42,56,-6,9,e e.ee,0,e.e,e,3.9,12,58,M,M,2,18,,
4,2,2021,76,45,58,-4,7,e e.ee,0,e.e,e 19.2 22 149,19.2,22,,M,M,6,29 15e,6e,
4,3,2021,73,57,65,3,e,e e.ee,0,e.e,e 12.8 22 188,12.8,22,,M,M,8,29 18e,2e,
4,4,2021,75,69,68,5,e,3 e.ee,0,e.e,e 11.4 17 18e,11.4,17,,M,M,,22 18e,,
4,5,2021,79,56,68,5,e,3 e.ee,0,e.e,e 13.7 24 178,13.7,24,,M,M,2,33 16e,,
4,6,2021,83,65,74,11,e,9 e.ee,0,e.e,e 21.6 33 179,21.6,33,,M,M,7,44 17e,,
4,7,2021,80,60,70,7,e,5 e.ee,0,e.e,e 16.7 38 188,16.7,38,,M,M,5,43 18e,,
4,8,2021,85,49,67,3,e,2 e.ee,0,e.e,e,7.9,21,,M,M,4,27 18e,,
4,9,2021,86,62,74,19,e,9 e.ee,0,e.e,e 15.,15,49,,M,M,7 8,49 33e,le,
4,10,2021,74,52,63,-1,2,e e.ee,0,e.e,e 12.7 25 338,12.7,25,,M,M,,32 33e,7e,
4,11,2021,87,49,68,4,e,3 e.ee,0,e.e,e le.2 22 198,10.2,22,,M,M,,29 19e,,
4,12,2021,87,62,75,19,e,19 e.ee,0,e.e,e 11.1 23,11.1,23,le,M,M,7,29 36e,,
4,13,2021,89,56,68,3,e,3 e. 31,0.31,e.e,e 12.2 26 368,12.2,26,,M,M,7 13,35 369,,
4,14,2021,74,57,66,,e,1 e.el,0.01,e.e,e 12.7 23,12.7,23,le,M,M,9 3,3e,,
4,15,2021,62,56,59,-6,6,e e.56,0.56,e.e,e le.3 23,10.3,23,6e,M,M,19 13,29,,
4,16,2021,61,52,57,-9,8,e e. 84,0.84,e.e,e,9.8,26,,M,M,19 13,34 359,,
4,17,2021,62,48,55,,18,e e.ee,0,e.e,e 14.8 22 358,14.8,22,,M,M,8,28 35e,,
4,18,2021,79,45,58,-8,7,e e.ee,0,e.e,e,8.8,21,,M,M,2,26 34e,,
4,19,2021,74,44,59,-7,6,e e.ee,0,e.e,e,7.4,15,,M,M,4,19 17e,,
4,20,2021,62,48,51,,14,e e.ee,0,e.e,e 14.2 24 35e,14.2,24,,M,M,,34 35e,,
4,21,2021,62,37,50,,15,e e.ee,0,e.e,M 4.8 14,4.8,14,10,M,M,5,19,,
4,22,2021,65,54,69,-7,5,e,2,e.e,e,8.9,20,,M,M,19,26 149,,
4,23,2021,72,58,65,-3,e,e e. 88,0.88,e.e,e 11.7 3e 35e,11.7,30,,M,M,19 13,37 369,,
4,24,2021,74,56,65,-3,e,e e.ee,0,e.e,e 18.5 22 338,18.5,22,,M,M,6,26 35e,3e,
4,25,2021,83,56,67,,e,2 e.ee,0,e.e,e 19.7 21 168,19.7,21,,M,M,2,27 16e,3e,
4,26,2021,83,64,74,6,e,9 e.ee,0,e.e,e 18.1 28 168,18.1,28,,M,M,8,37 17e,8e,
4,27,2021,76,69,73,4,e,8,2,e.e,e 17.3 25 158,17.3,25,,M,M,19,35 15e,,
4,28,2021,82,72,77,8,e,12 e. 19,0.19,e.e,e,9,23,,M,M,18 13,32 16e,,
4,29,2021,72,65,69,e,e,4 1.41,1.41,e.e,e 11.8 24 358,11.8,24,,M,M,19 13,31 35e,,
4,30,2021,68,61,65,,e,e e.3e,0.3,e.e,e le.l 18,10.1,18,8e,M,M,le,26,,
5,1,2021,74,63,69,e,e,4 e.e2,0.02,e.e,e,7.5,17,50,M,M,le 1,21,,
5,2,2021,82,65,74,4,e,9 e. 04,0.04,e.e,e,9.4,17,17e,M,M,6,24 16e,,
5,3,2021,92,69,81,11,e,16 e.e7,0.07,e.e,e 13.6 23,13.6,23,30,M,M,5 3,3e 2ee,,
5,4,2021,77,55,66,,e,1 e.ee,0,e.e,e 12.7 24,12.7,24,34e,M,M,6,33 35e,,
5,5,2021,77,52,65,-5,e,e e.ee,0,e.e,e,5,14,6e,M,M,2,1900%,,
5,6,2021,83,58,71,e,e,6 e.ee,0,e.e,e,5.5,16,ze,M,M,3,22,,
5,7,2021,87,59,73,2,e,8 e.ee,0,e.e,e Il.e 23,11,23,17a,M,M,3,32 18e,,
5,8,2021,90,64,77,6,e,12 e.ee,0,e.e,e 21.1 33,21.1,33,200,M,M,6,44 18e,,
5,9,2021,84,63,74,2,e,9 e.ee,0,e.e,e 17.e 31,17,31,2ee,M,M,6,44 17e,,
5,10,2021,63,57,60,,5,e e.88,0.88,e.e,e,11.5,21,31e,M,M,le 138,31 3ee,2e,
5,11,2021,62,57,60,,5,e e.81,0.81,e.e,e,10.7,23,2e,M,M,le 13,32 36e,,
5,12,2021,63,56,60,,5,e,2,e.e,e,10.3,17,e,M,M,le,22,5e,
5,13,2021,76,61,69,-4,e,4 e.ee,0,e.e,e,6,13,7e,M,M,6,17,4e,
5,14,2021,79,60,70,###############################################################################################################################################################################################################################################################,e,5 e.ee,0,e.e,e,10.4,18,15a,M,M,7,26 14e,,
5,15,2021,84,62,73,-1,e,8 e.ee,0,e.e,e,12.6,23,190,M,M,7,3e 19e,,
5,16,2021,77,68,73,,e,8 1.48,1.48,e.e,e,12.8,24,,M,M,9 13,31 18e,90,
5,17,2021,81,66,74,e,e,9 e. 61,0.61,e.e,e,10.1,29,,M,M,8 13,37 19e,,
5,18,2021,74,63,69,-6,e,4 e.61,0.61,e.e,e,7.5,24,,M,M,9 13,32 29e,,
5,19,2021,82,64,73,,e,8,2,e.e,e,6.5,17,,M,M,9,24 14e,le,
5,20,2021,79,67,73,,e,8 e. e2,0.02,e.e,e,5.8,13,,M,M,8,18 lee,7e,
5,21,2021,86,70,78,2,e,13,2,e.e,M,11.2,21,,M,M,8,27 14e,,
5,22,2021,79,70,75,-1,e,le e.43,0.43,e.e,e,11,20,,M,M,le 1,25 13e,,
5,23,2021,77,68,73,,e,8 e.e2,0.02,e.e,e,7.6,16,,M,M,le,21 14e,,
5,24,2021,78,68,73,-4,e,8 e.6e,0.6,e.e,e,8.8,20,,M,M,le 13,25 14e,,
5,25,2021,83,67,75,-2,e,le e.48,0.48,e.e,e,9.2,20,,M,M,8 13,29 23e,,
5,26,2021,91,73,82,5,e,17 e.ee,0,e.e,e,9.9,17,,M,M,7,24 19e,,
5,27,2021,91,74,83,5,e,18,2,e.e,e,16.2,33,3e,M,M,8 3,43,,
5,28,2021,80,67,74,-4,e,9,2,e.e,e,4.6,31,2e,M,M,8 3,39,,
5,29,2021,85,66,76,-2,e,11 e.ee,0,e.e,e,8.9,15,80,M,M,6,20,,
5,30,2021,76,65,71,,e,6 e.ee,2,e.e,e,9.9,16,,M,M,9,23 12e,,
5,31,2021,74,66,70,-9,e,5 1.7e,1.7,e.e,e,8.4,22,,M,M,le 13,26 3ee,39,
6,1,2021,72,64,68,,e,3 e. 05,0.05,e.e,e,8.3,18,,M,M,9,24 3ee,79,
6,2,2021,83,60,72,,e,7,2,e.e,e,5.1,12,3e,M,M,7,16 29e,,
6,3,2021,81,65,73,-7,e,8 e.ee,0,e.e,e,4.5,13,,M,M,7,17 2ee,,
6,4,2021,81,67,74,-6,e,9 e.ee,0,e.e,e,6.3,14,,M,M,8,20 Ile,,
6,5,2021,87,68,78,,e,13 e. 37,0.37,e.e,e,6.9,18,,M,M,9 13,23 33e,,
6,6,2021,88,67,78,,e,13 e.ee,0,e.e,e,6.5,17,,M,M,8,25 18e,,
6,7,2021,82,68,75,-5,e,le e.81,0.81,e.e,e,9,20,,M,M,8 13,29 15e,,
6,8,2021,89,73,81,e,e,16,2,e.e,e le.8 20 19e,10.8,20,,M,M,8 13,24 18e,,
6,9,2021,93,77,85,4,e,2e e.ee,0,e.e,e 12.3 20 19e,12.3,20,,M,M,5,25 2ee,,
6,10,2021,92,77,85,4,e,2e e.ee,0,e.e,e 12.1 18 18e,12.1,18,,M,M,4,3e 2ee,,
6,11,2021,94,77,86,5,e,21 e.ee,0,e.e,e 14.1 23 180,14.1,23,,M,M,3,31 2ee,,
6,12,2021,92,72,82,e,e,17,2,e.e,e,7.8,31,le,M,M,5 3,42,,
6,13,2021,99,76,88,6,e,23 e.ee,0,e.e,e,4.1,13,,M,M,6,2e 22e,,
6,14,2021,99,81,90,8-Jan,e,25 e.ee,0,e.e,e,6.4,16,3e,M,M,6,2e,,
6,15,2021,97,77,87,5,e,22 e.ee,0,e.e,e,3.7,14,4e,M,M,2,19,,
6,16,2021,98,76,87,5,e,22 e.ee,0,e.e,e,3.87,10,,M,M,,15 16e,,
6,17,2021,99,75,87,5,e,22 e.ee,0,e.e,e,5.8,13,,M,M,3,17 17e,69,
6,18,2021,95,78,87,5,e,22 e.ee,0,e.e,e,8.2,14,,M,M,4,22,19,
6,19,2021,94,71,83,e,e,18 e.ee,0,e.e,e,7.7,16,,M,M,,22 18e,59,
6,20,2021,96,77,87,4,e,22 e.ee,0,e.e,e 14.6 22 17e,14.6,22,,M,M,,28 18e,,
6,21,2021,93,69,81,,e,16 0.14,0.14,e.e,e,14,30,20,M,M,7 13,40,,
6,22,2021,86,66,76,,e,11 e.ee,0,e.e,e,9,15,,M,M,4,2e,,
6,23,2021,95,75,85,2,e,2e e.ee,0,e.e,e 12.7 20 17e,12.7,20,,M,M,5,29 18e,,
6,24,2021,95,78,87,4,e,22 e.ee,0,e.e,e 15.8 22 17e,15.8,22,,M,M,3,29 16e,,
6,25,2021,96,79,88,5,e,23 e.ee,0,e.e,e 16.4 25 16e,16.4,25,,M,M,3,35 18e,89,
6,26,2021,95,78,87,3,e,22 e.ee,0,e.e,e 16.4 25 18e,16.4,25,,M,M,6,35 18e,,
6,27,2021,95,78,87,3,e,22 e.ee,0,e.e,M Il.e 22 13e,11,22,,M,M,7,28 13e,,
6,28,2021,89,74,82,,e,17 e. 63,0.63,e.e,M,6.8,31,,M,M,8 123,37 12e,,
6,29,2021,90,74,82,,e,17 e.15,0.15,e.e,M,9.1,18,,M,M,8,26 18e,,
6,36,2021,91,74,83,,e,18 e.ee,0,e.e,M,5.4,9,,M,M,6,15 16e,,
6,31,2021,74,66,70,-9,e,5 1.7e,1.7,e.e,e,8.4,22,,M,M,le 13,26 3ee,,
7,1,2021,96,76,86,2,e,21 9.91,0.01,e.e,e,7.3,38,,M,M,6 38,48 369,,
7,2,2021,87,75,81,-3,e,16 9.16,0.16,e.e,e,5.3,13,49,M,M,8 13,16,,
7,3,2021,86,77,82,-2,e,17,2,e.e,e,8.4,17,59,M,M,8,26,,
7,4,2021,89,76,83,,e,18 e.ee,0,e.e,e,7.6,15,130,M,M,8,19 120,,
7,5,2021,90,74,82,,e,17,2,e.e,e,9.9,22,169,M,M,8,29 159,,
7,6,2021,93,73,83,,e,18 e. 33,0.33,e.e,e,5.4,21,129,M,M,5 3,28 119,,
7,7,2021,94,74,84,-1,e,19 e.ee,0,e.e,e,4.1,15,250,M,M,4 3,18 258,,
7,8,2021,94,76,85,e,e,2e e.ee,0,e.e,e,8.5,20,189,M,M,3,26 179,,
7,9,2021,87,74,81,-4,e,16,2,e.e,e 12.9 3e,12.9,30,149,M,M,6 1,38 149,,
7,10,2021,94,75,85,e,e,2e e.ee,0,e.a,e 13.7 26,13.7,26,2ee,M,M,6,36 238,,
7,11,2021,92,79,81,-4,e,16 e.49,0.49,e.e,e,9.2,29,219,M,M,3 13,35 219,,
7,12,2021,91,73,82,-3,e,17 e.ee,0,e.e,e,7.5,21,179,M,M,5,26 188,,
7,13,2021,93,72,83,-3,e,18 e.ee,0,e.e,e,10.5,23,189,M,M,2,3e 189,,
7,14,2021,92,71,82,,e,17 9.88,0.88,e.e,e 13.2 33,13.2,33,170,M,M,4 8,59 178,,
7,15,2021,93,75,84,-2,e,19 e.ee,0,e.e,e 14.9 22,14.9,22,299,M,M,6,31 178,,
7,16,2021,94,77,86,e,e,21 e.ee,0,e.e,e 12.8 21,12.8,21,199,M,M,7,27 199,,
7,17,2021,93,78,86,e,e,21 e.ee,0,e.e,e 12.8 2e,12.8,20,209,M,M,7,26 290,,
7,18,2021,95,79,87,,e,22 9.92,0.02,e.e,e,6.2,16,269,M,M,8,26 2ee,,
7,19,2021,86,74,80,-6,e,15 9.21,0.21,e.e,e,5.5,23,49,M,M,7 18,31,,
7,20,2021,90,74,82,-4,e,17 e.ee,0,e.e,e,8.8,26,59,M,M,5,25,,
7,21,2021,92,72,82,-4,e,17 e.ee,0,e.e,e,5.9,13,59,M,M,3,17,,
7,22,2021,95,73,84,-2,e,19 e.ee,0,e.e,e,7.7,17,169,M,M,3 8,22 188,,
7,23,2021,96,76,86,e,e,21 e.ee,0,e.e,e,13.9,21,199,M,M,4,31 199,,
7,24,2021,99,78,89,2,e,24 e.ee,0,e.e,e,19.9,20,216,M,M,,25 199,,
7,25,2021,100,77,89,2,e,24 e.ee,0,e.a,e,10,10,,M,M,1,22 158,,
7,26,2021,101,77,89,2,e,24 e.ee,0,e.e,e,7.2,14,,M,M,3,19 199,,
7,27,2021,102,81,92,5,e,27 e. 29,0.29,e.e,e,6.4,29,69,M,M,7 3,49,,
7,28,2021,99,79,89,2,e,24 e.ee,0,e.e,e,6.4,17,,M,M,7 3,22 119,,
7,29,2021,98,77,88,,e,23 e.ee,0,e.e,e,4.7,13,,M,M,4,18 110,,
7,30,2021,100,78,89,2,e,24 e.ee,0,e.e,e,5.8,16,,M,M,4,2e 188,,
7,31,2021,100,81,91,4,e,26 e.ee,0,e.e,e,8.4,17,,M,M,2,23 159,,
8,1,2021,100,75,88,,e,23 e. 31,0.31,e.e,e,8.3,37,M,M,6 13,54 16e,,,
8,2,2021,89,73,81,-6,e,16 1.71,1.71,e.e,e,9,22,M,M,9 138,27 35e,,,
8,3,2021,91,73,82,-5,e,17 e.ee,0,e.e,e,4.4,13,M,M,5 18,16,le,,
8,4,2021,90,75,83,,e,18 e.ee,0,e.e,e,5.4,13,M,M,6 8,16 14e,,,
8,5,2021,93,73,83,-4,e,18 e.ee,0,e.e,e,8.9,16,M,M,5 8,22 12e,,,
8,6,2021,94,74,84,-3,e,19 e.ee,0,e.e,e le.9 2e 14e,10.9,20,M,M,3,27 14e,,40,
8,7,2021,96,76,86,,e,21 e.ee,0,e.e,e 13.7 22 160,13.7,22,M,M,3,3e 1 se,,,
8,8,2021,97,79,88,,e,23 e.ee,0,e.e,e 17.5 26 17e,17.5,26,M,M,3,35 17e,,,
8,9,2021,98,79,89,2,e,24 e.ee,0,e.e,e 17.e 25 18e,17,25,M,M,2,35 2ee,,,
8,10,2021,97,78,88,,e,23 e.ee,0,e.e,e 16.3 25 2ee,16.3,25,M,M,3,33 19e,,,
8,11,2021,97,77,87,e,e,22 e.ee,0,e.e,e 15.e 23 19e,15,23,M,M,2,32 18e,,,
8,12,2021,98,79,89,2,e,24 e.ee,0,e.e,e 12.2 2e 19a,12.2,20,M,M,2,27 17e,,,
8,13,2021,95,79,87,,e,22 e.ee,0,e.e,e,7.6,15,M,M,7,21 18e,,40,
8,14,2021,91,71,81,###############################################################################################################################################################################################################################################################,e,16,1.01,e.e,e,6.5,45,M,M,8 123,56 339,,69,
8,15,2021,88,73,81,-5,e,16 e.le,0.1,e.e,e,4.8,12,M,M,7 1,14 149,,se,
8,16,2021,93,75,84,,e,19 e.ee,0,e.e,e,4.7,17,M,M,5,22,8e,5e,
8,17,2021,91,74,83,-3,e,18 e.14,0.14,e.e,e,8.4,25,M,M,9 13,32 32e,,,
8,18,2021,82,73,78,-8,e,13 1.33,1.33,e.e,e,7.6,18,M,M,9 13,28 15e,,,
8,19,2021,94,75,85,,e,2e e. 22,0.22,e.e,e 11.5 2e 15e,11.5,20,M,M,7 13,27 15e,,,
8,20,2021,96,78,87,,e,22 e.ee,0,e.e,e 13.9 23 17e,13.9,23,M,M,4,29 18e,,,
8,21,2021,96,78,87,2,e,22 e.ee,0,e.e,e 11.1 2e 2ee,11.1,20,M,M,3,26 14e,,,
8,22,2021,97,79,88,3,e,23 e.ee,0,e.e,e,9,15,M,M,1,21 189,,,
8,23,2021,97,75,86,,e,21 e.ee,0,e.e,e,8.8,16,M,M,,23 17e,,,
8,24,2021,97,76,87,2,e,22 e.ee,0,e.e,e,9.2,15,M,M,1,24 18e,,,
8,25,2021,98,75,87,3,e,22 e.ee,0,e.e,e,6.6,13,M,M,2 8,16 13e,,,
8,26,2021,98,80,89,5,e,24 e.ee,0,e.e,e,5.5,14,M,M,2,21 lee,,,
8,27,2021,92,76,84,e,e,19 e.ee,0,e.e,e,8.8,17,M,M,3,23 13e,,,
8,28,2021,93,75,84,e,e,19 e.ee,0,e.e,e,7.4,16,M,M,3,21 12e,,,
8,29,2021,90,76,83,-1,e,18 e.ee,0,e.e,e,5.2,16,M,M,7 3,20,6e,,
8,30,2021,96,76,86,3,e,21 e.ee,0,e.e,e,6.3,13,M,M,4,17,4e,,
8,31,2021,100,77,89,6,e,24 e.ee,0,e.e,e,6.4,13,M,M,3,16 18e,,,
9,1,2021,99,79,89,6,e,24 e.ee,0,e.e,e,8.2,16,,M,M,3,22 130,20,
9,2,2021,97,78,88,5,e,23 e.ee,0,e.e,e,9.3,17,,M,M,,23 17e,le,
9,3,2021,96,79,88,6,e,23 e.ee,0,e.e,e 11.1 16 17e,11.1,16,,M,M,6,22 18e,10,
9,4,2021,98,78,88,6,e,23 e.ee,0,e.e,e,9.1,16,,M,M,5,21 18e,,
9,5,2021,90,79,85,3,e,2e e.e9,0.09,e.e,e,8.7,17,,M,M,6 13,22 34e,,
9,6,2021,94,76,85,3,e,2e e.ee,0,e.e,e,5.9,14,,M,M,5,18 Ile,,
9,7,2021,96,68,82,1,e,17 e.ee,0,e.e,e,5.3,13,,M,M,6,18 17e,,
9,8,2021,94,69,82,1,e,17 e.B9,0.09,e.e,e,7.7,29,5e,M,M,4 3,41,,
9,9,2021,92,66,79,-2,e,14 e.ee,0,e.e,e,7.4,13,,M,M,1,18 13e,,
9,10,2021,92,67,80,e,e,15 e.ee,0,e.e,e,8.1,16,,M,M,e,24 2ee,,
9,11,2021,91,67,79,-1,e,14 e.ee,0,e.e,e,7.3,14,,M,M,e,21 Ile,,
9,12,2021,90,65,78,-2,e,13 e.ee,0,e.e,e,7,16,,M,M,3,22 2ee,,
9,13,2021,88,71,80,1,e,15,2,e.e,e,8,17,,M,M,6,25 17e,30,
9,14,2021,85,70,78,,e,13,2,e.e,e,7.1,21,,M,M,5 18,28 12e,,
9,15,2021,91,68,80,1,e,15 e.ee,0,e.e,e,7.2,17,4 €,M,M,4,23,,
9,16,2021,91,71,81,3,e,16 e.ee,0,e.e,e,5.2,13,6e,M,M,2,18,,
9,17,2021,92,71,82,4,e,17 e.ee,0,e.e,e,4.7,14,se,M,M,2,19,,
9,18,2021,96,72,84,6,e,19 e.ee,0,e.e,e,6.5,16,le,M,M,2,22,30,
9,19,2021,94,73,84,6,e,19 e.ee,0,e.e,e,5.3,17,,M,M,2,22 12e,,
9,20,2021,100,73,87,le,e,22 e.ee,0,e.e,e 12.5 2e 17e,12.5,20,,M,M,3,25 22e,,
9,21,2021,88,68,78,1,e,13 e.el,0.01,e.e,e 15.5 26 36e,15.5,26,,M,M,7 3,36 35e,,
9,22,2021,83,60,72,-5,e,7 e.ee,0,e.e,e,8.2,17,,M,M,1,24 350,,
9,23,2021,85,56,71,-5,e,6 e.ee,0,e.e,e,3.2,9,,M,M,2 8,13 149,,
9,24,2021,87,58,73,,e,8 e.ee,0,e.e,e,4.8,13,,M,M,5,19 2ee,,
9,25,2021,91,60,76,e,e,11 e.ee,0,e.e,e,4.8,12,,M,M,2,19 13e,,
9,26,2021,91,64,78,3,e,13 e.ee,0,e.e,e,8.2,17,,M,M,3,27 17e,,
9,27,2021,88,65,77,2,e,12 e.ee,0,e.e,e,8.6,16,,M,M,6,21 16a,,
9,28,2021,93,68,81,7,e,16,2,e.e,e,8.3,20,,M,M,6 8,25 14e,90,
9,29,2021,90,69,80,6,e,15 e.ee,0,e.e,e,9.9,20,,M,M,7 3,26 14e,,
9,30,2021,89,69,79,5,e,14 e.e6,0.06,e.e,e,9.4,28,le,M,M,7 3,35 36e,,
10,1,2021,78,67,73,e,e,8 e.5e,0.5,e.e,e,4.5,17,,M,M,8,22 15e,,
10,2,2021,86,69,78,5,e,13 0.08,0.08,e.e,e,6.1,16,,M,M,6,21 200,,
10,3,2021,87,64,76,3,e,11 e.ee,0,e.e,e,5.7,17,,M,M,3 8,24 330,,
10,4,2021,88,61,75,3,e,le e.ee,0,e.e,e,7.8,21,2a,M,M,,27,,
10,5,2021,87,61,74,2,e,9 e.ee,0,e.e,e,8,14,360,M,M,,1900%,,
10,6,2021,88,61,75,3,e,le e.ee,0,e.e,e,3.2,9,3e,M,M,,15,,
10,7,2021,92,62,77,6,e,12 e.ee,0,e.e,e,7.7,17,,M,M,2 8,24 180,,
10,8,2021,93,69,81,le,e,16 e.ee,0,e.e,e 14.4 24 190,14.4,24,,M,M,4,3e 180,,
10,9,2021,92,68,80,le,e,15 e.ee,0,e.e,e 14.5 23 200,14.5,23,,M,M,4,29 190,,
10,10,2021,92,63,78,8,e,13 e. 77,0.77,e.e,e 19.e 47 270,19,47,,M,M,6 123,7e 260,,
10,11,2021,83,62,73,3,e,8 e.ee,0,e.a,e,6.3,20,,M,M,1,3e 250,,
10,12,2021,84,62,73,4,e,8,2,e.e,e 12.6 25 170,12.6,25,,M,M,8,34 180,,
10,13,2021,88,65,77,8,e,12 e. 85,0.85,e.e,e 14.3 29 18e,14.3,29,,M,M,le 13,41 170,,
10,14,2021,83,67,75,6-Jan,e,le e.B1,0.01,e.a,e,6.6,23,,M,M,7,3e 110,,
10,15,2021,76,57,67,,e,2 e.ee,0,e.e,e 13.1 26 340,13.1,26,,M,M,3,34 350,,
10,16,2021,74,51,63,-5,2,e e.ee,0,e.e,e,7.7,16,20,M,M,,23,,
10,17,2021,74,47,61,-6,4,e e.ee,0,e.e,e,3.9,10,,M,M,5 8,15 120,,
10,18,2021,76,51,64,-3,1,e e.ee,0,e.a,e,6.9,18,,M,M,4,25 2ee,,
10,19,2021,81,59,70,3,e,5 e.ee,0,e.e,e 11.6 22 160,11.6,22,,M,M,5,28 140,,
10,20,2021,83,67,75,9,e,le e.ee,0,e.e,e,9.5,20,,M,M,7,26 190,,
10,21,2021,84,64,74,8,e,9 e.ee,0,e.a,e,7.4,14,30,M,M,3,19,,
10,22,2021,85,58,72,7,e,7 e.ee,0,e.e,e,7,14,160,M,M,2,19 170,,
10,23,2021,86,67,77,12,e,12 e.ee,0,e.e,e 15.0 25 170,15,25,,M,M,3,34 170,,
10,24,2021,86,68,77,12,e,12 e.ee,0,e.e,e 15.1 26 2ee,15.1,26,,M,M,6 3,34 170,,
10,25,2021,87,62,75,11,e,le e.ee,0,e.e,e,5.9,13,,M,M,,19 100,,
10,26,2021,87,67,77,13,e,12 e.ee,0,e.e,e 14.8 3e 170,14.8,30,,M,M,6 1,43 170,,
10,27,2021,78,60,69,5,e,4 e.75,0.75,e.e,e 13.8 33 290,13.8,33,,M,M,6 13,46 290,,
10,28,2021,73,59,66,3,e,1 e.ee,0,e.a,e 24.2 43 320,24.2,43,,M,M,,6e 310,,
10,29,2021,72,52,62,-1,3,e e.ee,0,e.e,e 19.9 35 330,19.9,35,,M,M,e,46 320,,
10,30,2021,75,45,60,,5,e e.ee,0,e.e,e,4.3,10,,M,M,e,320,,
10,31,2021,80,50,65,3,e,e e.ee,0,e.a,e,6.6,14,,M,M,e,21,,
11,1,2021,80,53,67,5,e,2 e.ee,0,e,6.8 16 18e,6.8,16,M,M,5,22 18e,,,
11,2,2021,61,49,55,-6,le,e e. 39,0.39,e le.3 18 36e,,10.3,18,M,M,9 1,24,le,,
11,3,2021,50,46,48,,17,e e.84,0.84,e 11.1,,11.1,20,M,M,le 13,26,4e,le,
11,4,2021,59,45,52,-8,13,e e.ee,0,e,5.1,5.1,30,M,M,6,15,3e,,
11,5,2021,61,41,51,-9,14,e e.ee,0,e,4.2,4.2,10,M,M,,15 15e,,,
11,6,2021,67,42,55,-5,le,e e.ee,0,e,4.8,4.8,10,M,M,e,14 19e,,,
11,7,2021,75,45,60,1,5,e e.ee,0,e,8.7,8.7,15,M,M,e,21 19e,,,
11,8,2021,73,50,62,3,3,e e.ee,0,e le.6,,10.6,20,M,M,2,27 18e,,,
11,9,2021,76,58,67,8,e,2 e.ee,0,e le.6,,10.6,21,M,M,7,26 18e,,,
11,10,2021,78,56,67,9,e,2 1.27,1.27,e 13.7,,13.7,33,M,M,8 1358,45 29e,,,
11,11,2021,67,47,57,-1,8,e e.ee,0,e le.2,,10.2,26,M,M,2,36 35e,,,
11,12,2021,69,44,57,-1,8,e e.ee,0,e le.6,,10.6,25,M,M,8,33 36e,,,
11,13,2021,64,39,52,-5,13,e e.ee,0,e,6.5,6.5,14,M,M,3,17 17e,,,
11,14,2021,70,45,58,1-Jan,7,e e.ee,0,e,4.9,4.9,15,M,M,3,19 19e,,,
11,15,2021,81,47,64,8,1,e e.ee,0,e,6.4,6.4,16,M,M,2 8,2e 18e,,,
11,16,2021,80,61,71,15,e,6 e.ee,0,e 19.4,,19.4,29,M,M,2,4e 19e,,,
11,17,2021,83,55,69,13,e,4 e.ee,0,e 18.4,,18.4,28,M,M,5,38,le,,
11,18,2021,62,44,53,,12,e e.ee,0,e,7,7,28,M,M,4,38,2e,,
11,19,2021,62,40,51,-4,14,e e.ee,0,e,6.6 16 14e,6.6,16,M,M,3,23 14e,,,
11,20,2021,72,45,59,4,6,e e.ee,0,e 12.8 26 19e,,12.8,26,M,M,5,32 18e,,,
11,21,2021,69,51,60,6,5,e e.ee,0,e 13.8 23 35e,,13.8,23,M,M,9,29 33e,,,
11,22,2021,67,42,55,,le,e e.ee,0,e,6.8 le 33e,6.8,10,M,M,,15 34e,,,
11,23,2021,71,43,57,3,8,e e.ee,0,e 12.4 22 18e,,12.4,22,M,M,2,33 18e,,,
11,24,2021,77,53,65,11,e,e e.ee,0,e 13.2 33 19e,,13.2,33,M,M,6,43 19e,,,
11,25,2021,65,42,54,,11,e e.ee,0,e 15.5 28 35e,,15.5,28,M,M,6,38 33e,,,
11,26,2021,57,35,46,-7,19,e e.ee,0,e,6.4 12 17e,6.4,12,M,M,7,18 18e,,,
11,27,2021,59,42,51,-2,14,e e.61,0.61,e,7.2 14 19e,7.2,14,M,M,9 1,18 19e,,,
11,28,2021,66,45,56,4,9,e e.ee,0,e,7.6 2a 35e,7.6,20,M,M,2 18,23 35e,,,
11,29,2021,74,38,56,4,9,e e.ee,0,e,7.8 15 19e,7.8,15,M,M,e 18,19 21e,,,
11,30,2021,78,45,62,10,3,e e. eo,0,e,8.8 17 2ee,8.8,17,M,M,3 8,22 19e,,,
12,1,2021,75,51,63,12,2,e e.ee,0,e.e,e,6.4,15,,M,M,2 8,,,
12,2,2021,81,45,63,12,2,e e.ee,0,e.e,e,5.8,14,,M,M,5 8,16 17e,,
12,3,2021,74,57,66,15,e,1 e.ee,0,e.e,e,9.2,20,,M,M,6 18,23 19e,30,
12,4,2021,75,59,67,16,e,2 e.ee,0,e.e,e,7.8,18,,M,M,6,25 2ee,,
12,5,2021,78,57,68,18,e,3 e.ee,0,e.e,e Il.e 25 190,11,25,,M,M,8,32 19e,,
12,6,2021,68,40,54,4,11,e e.ee,0,e.e,e 17.4,17.4,35,le,M,M,3,43,,
12,7,2021,59,35,47,-3,18,e e.ee,0,e.e,e,4.8,15,16e,M,M,5,20 16e,,
12,8,2021,59,41,50,e,15,e e.ee,0,e.e,e,5.9,13,150,M,M,8 128,17 150,4e,
12,9,2021,81,59,70,21,e,5 e.ee,0,e.e,e 13.5,13.5,22,2ee,M,M,8,31 21e,,
12,10,2021,83,65,74,25,e,9 e.ee,0,e.e,e 14.e,14,23,200,M,M,8,31 29e,,
12,11,2021,74,37,56,7,9,e e.ee,0,e.e,e 12.7,12.7,36,330,M,M,5,46 34e,,
12,12,2021,60,32,46,-3,19,e e.ee,0,e.e,e,8.2,18,19e,M,M,e,23 15e,,
12,13,2021,70,40,55,7-Jan,le,e e.e2,0.02,e.e,e,9.9,18,,M,M,3,25 15e,,
12,14,2021,76,56,66,18,e,T,2,e.e,e,11.9,23,,M,M,7,29 18e,,
12,15,2021,80,67,74,26,e,9,2,e.e,e,22.3,37,,M,M,8,49 18e,,
12,16,2021,76,60,68,2e,e,3 e.ee,0,e.e,e,10.5,23,,M,M,8 8,29 18e,,
12,17,2021,78,60,69,21,e,4,2,e.e,e,12.4,29,,M,M,9,37 19e,,
12,18,2021,71,39,55,8,le,e e.16,0.16,e.e,e,19.4,31,,M,M,7 13,4e 36e,2e,
12,19,2021,48,34,41,-6,24,e e.ee,0,e.e,e,7.8,17,20,M,M,7,23 36e,le,
12,20,2021,54,39,47,e,18,e e. le,0.1,e.e,e,4.8,10,6a,M,M,7 1,14 Ile,le,
12,21,2021,63,35,49,2,16,e e.ee,0,e.e,e,5.6,15,,M,M,,19 180,,
12,22,2021,66,42,54,7,11,e e.ee,0,e.e,e,6.7,14,,M,M,2,19 12e,,
12,23,2021,76,52,64,17,1,e e.ee,0,e.e,e 16.1 28 200,16.1,28,,M,M,7,38 190,2e,
12,24,2021,82,60,71,25,e,6 e.ee,0,e.e,e 19.3 29 2ee,19.3,29,,M,M,5,38 2ee,2e,
12,25,2021,82,58,70,24,e,5 e.ee,0,e.e,e,8.9,22,,M,M,7,27 2ee,,
12,26,2021,79,57,68,22,e,3 e.ee,0,e.e,e 13.6 25 190,13.6,25,,M,M,6 12,,,
12,27,2021,80,62,71,25,e,6 e.ee,0,e.g,e IO.6 2e 21a,10.6,20,,M,M,6,25 2ee,,
12,28,2021,81,57,69,23,e,4 e.ee,0,e.e,e 11.6 29 19a,11.6,29,,M,M,6,4e 18e,,
12,29,2021,74,54,64,18,1,e e.15,0.15,e.e,e,6,25,,M,M,7 13,32 13e,,
12,30,2021,75,48,62,16,3,e,2,e.e,e,5.8,14,,M,M,7,18 27e,,
12,31,2021,72,52,62,16,3,e,2,e.e,e,6.9,16,,M,M,9 18,2e 19e,2e,
1,1,2022,73,23,48,2,17,e e.e5,0.05,e.e,e 12.7 38 310,12.7,38,,M,M,9,48 31e,,
1,2,2022,40,19,30,-16,35,e e.ee,0,e.e,e 16.8 31 330,16.8,31,,M,M,3,38 32e,,
1,3,2022,55,24,40,-6,25,e e.ee,0,e.e,e,7.4,14,,M,M,2,19 16e,,
1,4,2022,65,34,50,4,15,e e.ee,0,e.e,e 13.5 28 190,13.5,28,,M,M,3,34 2ee,,
1,5,2022,62,38,50,4,15,e e.ee,0,e.e,e,9.7,18,30,M,M,,23,,
1,6,2022,42,28,35,-11,30,e e.ee,0,e.e,e 13.8 28 360,13.8,28,,M,M,5,35 35e,,
1,7,2022,49,21,35,-11,3e,e e.ee,0,e.e,e,9.3,18,,M,M,5,25 18e,,
1,8,2022,64,47,56,10,9,e e.e3,0.03,e.e,e 11.5 23 200,11.5,23,,M,M,10,32 19e,,
1,9,2022,62,41,52,6,13,e,0.2,e.e,e 16.5 28,16.5,28,1e,M,M,8 18,36 35e,30,
1,10,2022,56,32,44,,21,e e.ee,0,e.e,e,7.7,22,20,M,M,5,29,le,
1,11,2022,62,29,46,e,19,e e.ee,0,e.e,e,8.7,16,,M,M,5,22 ne,,
1,12,2022,64,36,50,4,15,e e.ee,0,e.e,e,7.5,15,,M,M,3,18 21e,,
1,13,2022,76,37,57,11,8,e e.ee,0,e.e,e,5.4,14,,M,M,2,18 34a,,
1,14,2022,79,39,59,13,6,e e.ee,0,e.e,e Il.e 39 330,11,39,,M,M,6,51 330,,
1,15,2022,51,32,42,-4,23,e,0.2,T,e 25.5 4e 340,25.5,40,,M,M,7,58 32e,,
1,16,2022,54,28,41,-5,24,e e.ee,0,e.e,e,7.7,21,,M,M,,28 32e,,
1,17,2022,65,31,48,2,17,e e.ee,0,e.e,e,5.8,14,,M,M,,19 19e,,
1,18,2022,75,45,60,14,5,e e.ee,0,e.e,e 17.7 29 190,17.7,29,,M,M,4,37 18e,,
1,19,2022,62,34,48,2,17,e,0.2,e.e,e 17.4 32 360,17.4,32,,M,M,6,4e 350,,
1,20,2022,38,24,31,-15,34,e e.ee,0,e.e,e 19.1 3e,19.1,30,le,M,M,8,39,,
1,21,2022,44,20,32,-14,33,e e.ee,0,e.e,e,6,15,3a,M,M,2,18,le,
1,22,2022,51,26,39,-8 e,26 18,0,0,e.e e.e,e e,2.9,9,,M M,M M,1 8,12,,
1,23,2022,66,28,47,,,,0,,,7.9,14,,,,,19 3ee,30,
1,24,2022,59,39,49,2,16,e,0.2,e.e,e,7.1,16,,M,M,7 1,21 21e,39,
1,25,2022,60,37,49,2,16,e e.ee,0,e.e,e Il.e 21,11,21,30,M,M,3 12,27,,
1,26,2022,50,27,39,-8,26,e,0.2,e.e,e,6.4,18,20,M,M,4,23,,
1,27,2022,51,37,44,-3,21,e,0.2,e.e,e,6.4,17,,M,M,7,21 35e,,
1,28,2022,57,31,44,-3,21,e e.ee,0,e.e,e 11.3 23 320,11.3,23,,M,M,,3e 32e,,
1,29,2022,68,30,49,2,16,e e.ee,0,e.e,e,8.1,20,,M,M,e,3e 23e,,
1,30,2022,71,35,53,5,12,e e.ee,0,e.e,e,9.1,15,,M,M,4,2e 17e,,
1,31,2022,69,46,58,le,7,e e.ee,0,e.e,e le.6 22 190,10.6,22,,M,M,7,29 16e,,
2,1,2022,73,55,64,16,1,e O.ee,0,e.e,e 10.5 21 160,10.5,21,,M,M,8,3e 176,,
2,2,2022,59,31,45,-3,ze,e l.ıe,1.1,e.2,e 15.6 26,15.6,26,10,M,M,le 146,37,,
2,3,2022,31,20,26,,39,e 0.29,0.29,1.5,1 18.8 26 340,18.8,26,,M,M,le 146,33 330,,
2,4,2022,35,20,28,,37,e e.oe,0,ese,1 14.4 23 330,14.4,23,,M,M,s,28 320,,
2,5,2022,47,19,33,,32,e e.ee,0,ese,T,6.8,16,180,M,M,e,21 18e,,
2,6,2022,56,27,42,-7,23,e e.ee,0,e.e,T,7.2,16,180,M,M,1,21 180,,
2,7,2022,59,33,46,-3,19,e e.ee,0,ese,e,9.2,21,360,M,M,,27 350,,
2,8,2022,68,32,50,1,15,e e.ee,0,ese,e 11.2,11.2,21,210,M,M,1,28 21e,,
2,9,2022,70,35,53,4,12,e e.ee,0,ese,e,5.9,15,340,M,M,2,,,
2,10,2022,73,37,55,6,le,e e.ee,0,e.e,e,5.7,13,210,M,M,2,17 32e,,
2,11,2022,78,41,60,e,5,e e. ae,0,ese,e 12.1,12.1,24,40,M,M,2,34,,
2,12,2022,56,33,45,-5,2e,e,0.2,,e 16.9,16.9,33,10,M,M,6,46,,
2,13,2022,66,29,48,,17,e e.ee,0,e.e,e,6.7,18,250,M,M,1,23 240,,
2,14,2022,73,35,54,4,11,e e.ee,0,ese,"e 10,1",10.1,21,ne,M,M,e,3e 170,,
2,15,2022,72,42,57,7,8,e e.ee,0,e.e,e 19.3,19.3,35,2ee,M,M,2,46 2ee,,
2,16,2022,68,61,65,14,e,e,0.2,e.e,e 19.9,19.9,33,190,M,M,le,46 180,,
2,17,2022,68,32,50,-1,15,e 0.08,0.08,e.e,e 21.1,21.1,33,330,M,M,9,43 330,,
2,18,2022,54,26,40,,25,e e.ee,0,e.e,e,5.7,20,350,M,M,2,,,
2,19,2022,66,32,49,,16,e e.ee,0,ese,e,5.8,16,140,M,M,1,19 140,,
2,20,2022,68,39,54,2,11,e e.ee,0,e.e,e 15.1,15.1,26,190,M,M,6,35 190,,
2,21,2022,85,56,71,19,e,6 e.e2,0.02,ese,e 15.5,15.5,31,170,M,M,9,46 160,,
2,22,2022,71,32,52,e,13,e e.44,0.44,e.e,e 16.1,16.1,29,330,M,M,8 13,35 330,,
2,23,2022,33,23,28,,37,e 0.08,0.08,T,T,16,24,10,M,M,10 1346,31,,
2,24,2022,30,22,26,,39,e e.eı,0.01,e.e,T,12.4,22,,M,M,le 16,3e 330,,
2,25,2022,38,23,31,,34,e e.ee,0,e.e,e,13.3,24,10,M,M,7,32,,
2,26,2022,40,34,37,,28,e O. el,0.01,e.e,e,8,14,30,M,M,10,18,,
2,27,2022,58,30,44,-9,21,e e.ee,0,e.e,e,8.2,20,le,M,M,1,27 330,,
2,28,2022,66,27,47,,18,e e.ee,0,e.e,e,4.1,10,,M,M,4,15 240,le,
3,1,2022,75,37,56,2,9,e e.ee,0,e.e,e,5,12,M,M,7,17 18e,,,
3,2,2022,79,44,62,8,3,e e.ee,0,e.e,e,5.1,14,M,M,6,18 17e,,,
3,3,2022,80,48,64,le,,e e.ee,0,e.e,e,6,14,M,M,4,18 17e,,,
3,4,2022,74,53,64,9,1,e e.ee,0,e.e,e 12.7 24 16e,12.7,24,M,M,8,35 16e,,le,
3,5,2022,80,65,73,18,e,8,8,e.e,e 19.e 29 19e,19,29,M,M,7,39 17e,,,
3,6,2022,79,39,59,4,6,e e.15,0.15,e.e,e 16. e 29 180,16,29,M,M,9 1,40 17e,,,
3,7,2022,52,37,45,,20,e e.e5,0.05,e.e,e 14.1 25 358,14.1,25,M,M,7,32 34e,,,
3,8,2022,47,33,40,,25,e,0.2,e.e,e,7.8,18,M,M,6,23,2e,,
3,9,2022,59,29,44,,21,e e.ee,0,e.B,e,5.6,15,M,M,1 1,21,40,,
3,10,2022,67,38,53,-3,12,e e.ee,0,e.e,e,8,25,M,M,1,30 3ee,,,
3,11,2022,44,31,38,,27,e,0.2,,e 19.5 30 350,19.5,30,M,M,7 4,39,le,,
3,12,2022,57,24,41,,24,e e.ee,0,e.e,e,5.8,13,M,M,e,17 17e,,,
3,13,2022,67,39,53,,12,e e.ee,0,e.e,e 17.1 29 18e,17.1,29,M,M,1,36 19e,,,
3,14,2022,78,48,63,5,2,e e.e8,0.08,e.B,e 15.4 29 2ee,15.4,29,M,M,7 35,4o 19e,,,
3,15,2022,72,48,60,2,5,e e.ee,0,e.e,e 11.9 23 33e,11.9,23,M,M,3,31 32e,,,
3,16,2022,81,46,64,6,,e e.ee,0,e.e,e le. 2 20 17e,10.2,20,M,M,2,30 180,,4e,
3,17,2022,77,57,67,8,e,2 e. e2,0.02,e.e,e 18.7 36 180,18.7,36,M,M,5 135,48 180,,,
3,18,2022,67,48,58,-1,7,e e.ee,0,e.e,e 17.7 31 32e,17.7,31,M,M,5,42 33e,,,
3,19,2022,77,41,59,e,6,e e.ee,0,e.B,e,7.3,16,M,M,,26 25e,,,
3,20,2022,82,51,67,8,e,2 e.ee,0,e.e,e 15.7 28 17e,15.7,28,M,M,4,37 17e,,,
3,21,2022,73,53,63,3,2,e e.88,0.88,e.e,e 15.7 33 28e,15.7,33,M,M,9 13,49 29e,,,
3,22,2022,57,47,52,-8,13,e e.ee,0,e.e,e 17.1 28 3ee,17.1,28,M,M,8 1,37 3ee,,,
3,23,2022,64,46,55,-5,le,e e.ee,0,e.e,e 16.2 31 32e,16.2,31,M,M,3,49 31e,,le,
3,24,2022,69,36,53,,12,e e.ee,0,e.e,e,8.8,22,M,M,,29 31e,,6e,
3,25,2022,81,42,62,,3,e e.ee,0,e.e,e,3.8,12,M,M,e,14,4e,,
3,26,2022,86,50,68,7,e,3 e.ee,0,e.e,e,7.2,14,M,M,e,19 24e,,,
3,27,2022,94,50,72,11,e,7 e.ee,0,e.e,e 11.6 24 17e,11.6,24,M,M,4,32 17e,,,
3,28,2022,86,60,73,11,e,8 e.ee,0,e.e,e 17.9 28 18e,17.9,28,M,M,4,40 17e,,,
3,29,2022,80,67,74,12,e,9 e.ee,0,e.B,e 23.6 36 17a,23.6,36,M,M,9,51 17a,,,
3,30,2022,74,48,61,-1,4,e e.94,0.94,e.e,e 14.9 29 31e,14.9,29,M,M,6 123,40 3ee,,,
3,31,2022,70,43,57,-5,8,e,0.2,e.e,e,8.4,24,M,M,3,38 31e,,le,
4,1,2022,76,46,61,-1,4,e e.e2,0.02,e.e,e 11.4 28 33e,11.4,28,,M,M,3,35 31e,,
4,2,2022,78,51,65,2,e,e,0.2,e.e,e,8,18,2e,M,M,,27,,
4,3,2022,86,54,70,7,e,5 e.ee,0,e.e,e 13.2 28 18e,13.2,28,,M,M,2,36 16e,,
4,4,2022,81,59,70,7,e,5 1.31,1.31,e.e,e 13.6 36 33e,13.6,36,,M,M,8 135,55 33e,,
4,5,2022,95,57,76,13,e,11,0.2,e.e,e 11.9 30 24e,11.9,30,,M,M,3 1,39 21e,,
4,6,2022,77,57,67,3,e,2 e.ee,0,e.e,e 2e.8 45,20.8,45,le,M,M,e,61,,
4,7,2022,71,50,61,,4,e e.ee,0,e.e,e 17.9 4e 33e,17.9,40,,M,M,4,55 33e,,
4,8,2022,69,49,59,-5,6,e e.ee,0,e.e,e 15.1 33 32e,15.1,33,,M,M,2,42 33e,,
4,9,2022,88,42,65,,e,e e.ee,0,e.e,e 14.8 28 18e,14.8,28,,M,M,e,39 18e,,
4,10,2022,86,62,74,le,e,9,0.2,e.e,e 23.7 33 17e,23.7,33,,M,M,5,44 16e,,
4,11,2022,89,71,80,15,e,15,0.2,e.g,e 18.2 3e 18e,18.2,30,,M,M,5 3,42 20e,,
4,12,2022,84,66,75,le,e,le e. 25,0.25,e.e,e 18.,18.1,43,,M,M,8 3,54 18e,7e,
4,13,2022,82,56,69,4,e,4 e.el,0.01,e.e,e 2e.e 3e 2ee,20,30,,M,M,4 3,44 18e,,
4,14,2022,77,58,64,-1,,e e.ee,0,e.e,e,9.2,18,,M,M,,25 13e,,
4,15,2022,84,56,70,4,e,5 e.ee,0,e.e,e 15.2 24 17e,15.2,24,,M,M,5,32 18e,,
4,16,2022,81,57,69,3,e,4 e.ee,0,e.e,e 13.3 23 34e,13.3,23,,M,M,le 18,27 33e,,
4,17,2022,79,57,68,2,e,3 e.ee,0,e.e,e,9.2,18,,M,M,6,33 31e,,
4,18,2022,75,51,63,-3,2,e e.ee,0,e.e,e 11.7 18,11.7,18,6e,M,M,4,26,,
4,19,2022,75,54,65,,e,e,0.2,e.e,e 15.6 3e 17e,15.6,30,,M,M,7,41 18e,38,
4,20,2022,91,65,78,11,e,13,0.2,e.e,e 23.1 35 19e,23.1,35,,M,M,7 1,44 19e,,
4,21,2022,86,73,80,13,e,15 e.ee,0,e.e,e 18.5 26 15e,18.5,26,,M,M,8,35 19e,,
4,22,2022,86,71,79,12,e,14 e.ee,0,e.e,e 19.8 33 16e,19.8,33,,M,M,7,47 15e,,
4,23,2022,84,70,77,le,e,12 e.ee,0,e.B,e 22.6 32 17e,22.6,32,,M,M,9,46 17e,,
4,24,2022,82,59,71,3,e,6 e.41,0.41,e.e,e 16.1 32 17e,16.1,32,,M,M,9 13,4e 18e,,
4,25,2022,68,56,62,-6,3,e e.54,0.54,e.e,e 12.9 24 36e,12.9,24,,M,M,8 13,3e,,
4,26,2022,75,50,63,-5,2,e e.ee,0,e.e,e,7.2,15,8e,M,M,2,22,,
4,27,2022,78,52,65,-3,e,e e.ee,0,e.e,e le. e 2e 16e,10,20,,M,M,5,27 18e,,
4,28,2022,82,63,73,5,e,8 e.ee,0,e.e,e 14.9 25 17e,14.9,25,,M,M,6,33 17e,,
4,29,2022,83,70,77,8,e,12 e.ee,0,e.e,e 19.7 30 18e,19.7,30,,M,M,7,4e 17e,5e,
4,30,2022,85,63,74,5,e,9 e.ee,0,e.e,e 12.6 26 19e,12.6,26,,M,M,4,36 18e,,
5,1,2022,85,58,72,3,e,7,0.2,e.e,e,9,22,,M,M,6,27 128,3e,
5,2,2022,87,65,76,6,e,11 e.7e,0.7,e.e,e 17.7 32 198,17.7,32,,M,M,7 13,44 189,,
5,3,2022,75,54,65,-5,e,e e. 61,0.61,e.e,e,9.9,22,,M,M,19 13,32,,
5,4,2022,88,69,74,4,e,9 e.2e,0.2,e.e,e 11.2 24 168,11.2,24,,M,M,9 12358,35 17e,,
5,5,2022,88,61,71,,e,6 e.12,0.12,e.e,e 11.e 24 328,11,24,,M,M,6 13,3e 3ee,,
5,6,2022,86,56,71,e,e,6 e.ee,0,e.e,e,5.8,13,,M,M,2,17 188,3e,
5,7,2022,98,68,79,8,e,14 e.ee,0,e.e,e 12.3 21 148,12.3,21,,M,M,7,28 149,,
5,8,2022,94,75,85,14,e,2e e.ee,0,e.e,e 19.5 28 198,19.5,28,,M,M,3,37 178,2e,
5,9,2022,93,76,85,13,e,2e e.ee,0,e.e,e 21.1 31 189,21.1,31,,M,M,4 8,39 19e,,
5,16,2022,92,78,85,13,e,2e e.ee,0,e.e,e 16.6 25 198,16.6,25,,M,M,6,34 198,,
5,11,2022,98,72,81,9,e,16 e.ee,0,e.e,e 13.8 22 18e,13.8,22,,M,M,6,31 198,,
5,12,2022,92,71,82,9,e,17 e.ee,0,e.e,e 14.1 23 189,14.1,23,,M,M,2,31 16e,,
5,13,2022,94,69,82,9,e,17,0.2,e.e,e 13.9 31 179,13.9,31,,M,M,4,41 17e,,
5,14,2022,93,68,81,8,e,16 e.ee,0,e.e,e,8,15,,M,M,4,2e 16e,,
5,15,2022,97,70,84,19,e,19 e.ee,0,e.e,e 12.3,12.3,30,70,M,M,6,43,,
5,16,2022,98,67,79,5,e,14 e.ee,0,e.e,e,8.1,17,,M,M,6,23 148,,
5,17,2022,95,74,85,11,e,2e e.ee,0,e.e,e 14.e,14,25,,M,M,7,35 168,,
5,18,2022,96,73,85,19,e,2e e.ee,0,e.e,e 16.1,16.1,29,,M,M,5,37 19e,,
5,19,2022,96,73,85,19,e,2e e.ee,0,e.e,e 21.2,21.2,31,,M,M,2,44 19e,,
5,20,2022,95,75,85,19,e,ze e.ee,0,e.e,e 22.5,22.5,33,,M,M,6 8,46 18e,,
5,21,2022,92,64,78,2,e,13,0.2,e.e,e 16.4,16.4,29,,M,M,7 38,4e 18e,,
5,22,2022,76,69,65,,e,e,0.2,e.e,e 13.9,13.9,26,18,M,M,19,38,,
5,23,2022,79,60,79,-6,e,5 9.84,0.04,e.e,e,8.1,21,,M,M,19,3e Ile,,
5,24,2022,76,62,69,-8,e,4 1.29,1.29,e.e,e 11.1 28 330,11.1,28,,M,M,10 13,33 338,2e,
5,25,2022,73,61,67,,e,2 e.84,0.84,e.e,e 14.4 28 248,14.4,28,,M,M,8 13,36 29e,,
5,26,2022,88,54,71,-6,e,6 e.ee,0,e.e,e,8.6,24,,M,M,2,33 28e,4e,
5,27,2022,92,59,76,,e,11 e.ee,0,e.e,e 4.8 13 158,4.8,13,,M,M,,16 148,40,
5,28,2022,94,68,81,3,e,16 e.ee,0,e.e,e 15.5 26 170,15.5,26,,M,M,2,49 18e,,
5,29,2022,94,72,83,5,e,18 e.ee,0,e.e,e 28.5 32 168,28.5,32,,M,M,5,44 168,,
5,30,2022,93,76,85,7,e,2e e.ee,0,e.e,e 22.4 32 198,22.4,32,,M,M,6,47 17e,,
5,31,2022,95,77,86,7,e,21 e.ee,0,e.e,e 17.6 25 169,17.6,25,,M,M,6,35 189,,
6,1,2022,89,71,80,,e,15 2.15,2.15,e.e,e,8.6,36,,M,M,8 13,46,,
6,2,2022,84,65,75,-7,e e,le e. 38 12 e.ll,0.38,e.e e.e,e le. 2 39 35e,10.2,39,,M M,M M,13 13,50 360,,
6,3,2022,83,70,77,,,,0.11,,e,6,16,6e,,,,22,,
6,4,2022,87,68,78,,e,13 e. ee,0,e.e,e,6.9,14,Ile,M,M,8,19 15e,,
6,5,2022,93,73,83,3,e,18 e.ee,0,e.e,e 14.4 24,14.4,24,12e,M,M,6,35 13e,,
6,6,2022,94,76,85,5,e,2e e.ee,0,e.e,e 16.5 26,16.5,26,18e,M,M,4,35 2ee,,
6,7,2022,94,77,86,6,e e,21 e.ee 17 e.ee,0,e.e e.e,e e,13.8,21,15e 36e,M M,M M,5 7,3e 17e,,
6,8,2022,89,75,82,,,,0,,,13.8,28,,,,,37,,
6,9,2022,94,73,84,3,e,19 e.ee,0,e.e,e,6.9,13,17e,M,M,6,18 18e,,
6,10,2022,99,76,88,7,e,23 e.ee,0,e.e,e,7.5,21,2e,M,M,5,27,,
6,11,2022,103,79,91,10,e,26 e.ee,0,e.e,e,11.9,20,18e,M,M,3,26 2ee,,
6,12,2022,102,80,91,9,e,26 e.ee,0,e.e,e,16.1,23,19e,M,M,2,3e 190,,
6,13,2022,100,80,90,8,e,25 e.ee,0,e.e,e,18.4,26,19e,M,M,e 8,4e 17e,,
6,14,2022,97,78,88,6,e,23 e.ee,0,a.e,e,22.5,32,17e,M,M,5,44 170,,
6,15,2022,95,79,87,5,e,22 e.ee,0,e.e,e,18.5,30,18e,M,M,7,43 16e,,
6,16,2022,100,81,91,9,e,26 e.ee,0,e.e,e,9.9,18,2ee,M,M,4,23 19e,,
6,17,2022,99,75,87,5,e,22,0.2,e.e,e,5.4,24,12e,M,M,2 38,39 12e,,
6,18,2022,99,75,87,5,e,22 e.ee,0,e.e,e,7.4,16,15e,M,M,3,24 16e,,
6,19,2022,99,78,89,6,e,24 e.ee,0,e.e,e,8,25,12e,M,M,2,34 Ile,,
6,20,2022,101,76,89,6,e,24 e.ee,0,e.e,e,10.4,20,,M,M,2,29 14e,,
6,21,2022,99,81,90,7,e,25 e.ee,0,e.e,e,9.7,17,,M,M,,24 13e,,
6,22,2022,99,77,88,5,e,23 e.ee,0,e.e,e,7.2,15,,M,M,2,19 14e,,
6,23,2022,102,80,91,8,e,26 e.ee,0,e.e,e,6.3,18,,M,M,3,24 13e,,
6,24,2022,103,82,93,le,e,28 e.ee,0,e.e,e,10.9,20,,M,M,2,34 ne,,
6,25,2022,101,82,92,9,e,27 e.ee,0,e.e,e,10.3,17,,M,M,2,22 19e,,
6,26,2022,101,78,90,6,e,25 e.ee,0,e.e,e,9.6,24,2e,M,M,4 3,32,,
6,27,2022,94,73,84,e,e,19 e.ee,0,e.e,e,11.6,22,2e,M,M,6,27 36e,,
6,28,2022,92,76,84,e,e,19 e.ee,0,e.e,e,9.1,15,4e,M,M,7,21,,
6,29,2022,94,74,84,e,e,19 e.ee,0,e.e,e,7.3,14,6e,M,M,2,19,,
6,30,2022,99,73,86,2,e,21 e.ee,0,e.e,e,7.8,22,,M,M,2,30 160,,
7,1,2022,95,75,85,1,e,20 e.ee,0,e.e,e,9.2,18,M,M,3,25 189,,,
7,2,2022,99,77,88,4,e,23 e.ee,0,e.e,e,8.1,28,M,M,4,25 13e,,,
7,3,2022,101,88,91,7,e,26 e.ee,0,e.e,e,9.5,28,M,M,3 3,27 16e,,,
7,4,2022,100,81,91,7,e,26 e.ee,0,e.e,e 12.9 21 189,12.9,21,M,M,,39 19e,,,
7,5,2022,102,81,92,8,e,27 e.ee,0,e.e,e 12.6 23 2ee,12.6,23,M,M,,29 21e,,,
7,6,2022,103,82,93,8,e,28 e.ee,0,e.e,e 12.3 29 2ee,12.3,29,M,M,3,28 17e,,,
7,7,2022,103,82,93,8,e,28 e.ee,0,e.e,e 11.9 29 196,11.9,29,M,M,3 8,26 19e,,39,
7,8,2022,106,83,95,19,e,39 e.ee,0,e.e,e,9.8,18,M,M,2,23 19e,,,
7,9,2022,105,82,94,9,e,29 e.ee,0,e.e,e,6.4,16,M,M,5,22,2e,39,
7,10,2022,102,81,92,7,e,27 e.ee,0,e.e,e,9.2,16,M,M,2,26,19,,
7,11,2022,102,81,92,7,e,27 e.ee,0,e.e,e,8.5,17,M,M,,24 149,,49,
7,12,2022,102,80,91,6,e,26 e.ee,0,e.e,e,7.9,22,M,M,2,33,7e,,
7,13,2022,105,79,92,6,e,27 e.ee,0,e.e,e,6.1,14,M,M,2,19,4e,,
7,14,2022,96,79,88,2,e,23 e.ee,0,e.e,e le.8 29 136,10.8,29,M,M,5,37 1%,,,
7,15,2022,99,75,87,,e,22 e.ee,0,e.e,e,7.3,16,M,M,2,22 Ile,,,
7,16,2022,100,78,89,3,e,24 e.ee,0,e.e,e,9.2,17,M,M,3,28 19e,,29,
7,17,2022,106,83,95,9,e,39 e.ee,0,e.e,e 11.9 29 179,11.9,29,M,m,6,25 17e,,,
7,18,2022,109,86,98,12,e,33 e.ee,0,e.e,e 15.9 24 17e,15.9,24,M,M,2,31 17e,,,
7,19,2022,109,84,97,11,e,32 e.ee,0,e.e,e 17.2 28 190,17.2,28,M,M,2,36 2ee,,,
7,20,2022,109,82,96,19,e,31 e.ee,0,e.e,e 14.4 28 199,14.4,28,M,M,5,35 2ee,,,
7,21,2022,101,85,93,7,e,28,0.2,e.e,e 11.1 24 199,11.1,24,M,M,8,31 19e,,49,
7,22,2022,100,83,92,6,e,27 e.ee,0,e.e,e 12.8 24 128,12.8,24,M,M,6,32 15e,,80,
7,23,2022,100,78,89,3,e,24 e.ee,0,e.e,e 11.5 28 199,11.5,28,M,M,4,26 19e,,59,
7,24,2022,102,82,92,5,e,27 e.ee,0,e.e,e 13.6 21 178,13.6,21,M,M,4,29 16e,,59,
7,25,2022,104,83,94,7,e,29 e.ee,0,e.e,e 13.3 21 2ee,13.3,21,M,M,3,27 2ee,,,
7,26,2022,103,81,92,5,e,27 e.ee,0,e.e,e 12.3 25 190,12.3,25,M,M,4,35 189,,,
7,27,2022,103,83,93,6,e,28 e.ee,0,e.e,e 12.7 22 189,12.7,22,M,M,4 8,33 18e,,19,
7,28,2022,102,82,92,5,e,27 e.ee,0,e.e,e 12.3 22 190,11.9,28,M,M,3,29 19e,,,
7,29,2022,102,82,92,5,e,27,0.2,e.e,e 11.9 28 369,10.4,23,M,M,4,35,19,,
7,30,2022,100,82,91,,,,0,,,13.5,21,,,,,,,
7,31,2022,104,83,91,4,e,26 e.ee,0,e.e,e 19.4 23 199,19.4,23,M,M,7,27 2ee,,,
8,1,2022,91,83,92,5,e,27 e.ee,0,e.e,e 12.9 39 199,12.9,39,,M,M,5,38 199,,
8,2,2022,103,83,93,6,e,28 e.ee,0,e.e,e 14.3 23 198,14.3,23,,M,M,3,31 188,5e,
8,3,2022,104,82,93,6,e,28 e.ee,0,e.e,e 16.1 23 199,16.1,23,,M,M,2,38 199,,
8,4,2022,101,81,91,4,e,26 e.ee,0,e.e,e 12.9 21 299,12.9,21,,M,M,4,29 199,,
8,5,2022,104,82,93,6,e,28 e.ee,0,e.e,e 18.4 24 159,18.4,24,,M,M,3,33 168,,
8,6,2022,100,79,89,2,e,24 e.ee,0,e.e,e 19.8 29 159,19.8,29,,M,M,2,27 149,7e,
8,7,2022,100,88,99,3,e,25 e.ee,0,e.e,e 12.8 21 2ee,12.8,21,,M,M,3,29 190,,
8,8,2022,101,82,92,5,e,27 e.ee,0,e.e,e 1e.7 21 179,10.7,21,,M,M,4,3e 189,4e,
8,9,2022,101,89,91,4,e,26,0.2,e.e,e,9.2,28,29,M,M,7 3,33,le,
8,19,2022,99,76,88,1,e,23 9.41,0.41,e.e,e,6.1,28,,M,M,7 38,33 199,,
8,11,2022,98,75,87,e,e,22 e.ee,0,e.e,e,5.8,17,69,M,M,3,23,,
8,12,2022,97,78,88,1,e,23 e.ee,0,e.e,e,7.7,15,,M,M,4 8,28 128,,
8,13,2022,99,89,99,4,e,25 e.ee,0,e.e,e,7.6,14,,M,M,2,22,,
8,14,2022,99,77,88,2,e,23 e.ee,0,e.e,e,7.8,17,,M,M,3,24 149,,
8,15,2022,100,88,98,4,e,25 e.ee,0,e.e,e 18.2,10.2,18,,M,M,7,24 178,,
8,16,2022,101,82,92,6,e,27 e.ee,0,e.e,e,7.7,16,,M,M,8,2e 2ee,,
8,17,2022,102,73,88,2,e,23 9.48,0.48,e.e,e 18.3,18.3,28,,M,M,6 13,35 178,,
8,18,2022,86,74,89,-6,e,15,0.2,e.e,e,5.2,13,,M,M,7,15,,
8,19,2022,94,73,84,-2,e,19 e.ee,0,e.e,e,6.3,17,,M,M,7,23 179,,
8,20,2022,92,76,84,-2,e,19 e.ee,0,e.e,e 19.4,19.4,21,,M,M,8,38 229,,
8,21,2022,89,74,82,-3,e,17 3.53,3.53,e.e,e,9.2,28,,M,M,9 13,38 189,,
8,22,2022,80,72,76,-9,e,11 5.66,5.66,e.e,e,7.3,17,,M,M,9 13,22 120,,
8,23,2022,86,73,89,,e,15 e. 38,0.38,e.e,e,8.9,17,19,M,M,9,22,8e,
8,24,2022,90,75,83,,e,18 e.ee,0,e.e,e,6.2,15,80,M,M,8,20,,
8,25,2022,93,74,84,e,e,19 e.ee,0,e.e,e,6.6,15,59,M,M,4,28,,
8,26,2022,94,74,84,e 3,e e,19 e.ee 22 e.ee,0,e.e e.e,e e,4.3,13,99,M M,M M,4 3,18,,
8,27,2022,97,76,87,,,,0,,,7.9,17,,,,,22 179,,
8,28,2022,97,79,88,4,e,23 e.ee,0,e.e,e 13.6 21 159,13.6,21,,M,M,2,28 169,,
8,29,2022,94,75,85,1,e,29 e. 15,0.15,e.e,e,9.3,23,,M,M,6 13,39,,
8,30,2022,98,76,83,e,e,18,0.2,e.e,e,7.4,18,,M,M,8 3,21 189,90,
8,31,2022,90,74,82,,e,17 e. 15,0.15,e.e,e,6.4,17,,M,M,8 3,22 178,,
9,1,2022,85,75,80,-3,e,15 e. 23,0.23,e.e,e,4.2,25,,M,M,9 138,33 31e,,
9,2,2022,86,74,80,-3,e,15 e.le,0.1,e.e,e,7.9,18,,M,M,8,23 190,,
9,3,2022,97,73,85,3,e,2e e.ee,0,e.e,e,4.2,22,,M,M,5 3,31 lee,le,
9,4,2022,95,72,84,2,e,19,0.2,e.e,e,5.2,31,5e,M,M,5 3,41,le,
9,5,2022,92,68,80,,e,15 e.ee,0,e.e,e,7.4,23,,M,M,4 3,3e 24e,,
9,6,2022,95,73,84,2,e,19 e.ee,0,e.e,e,4,17,,M,M,4,22 17e,,
9,7,2022,95,73,84,3,e,19 e.ee,0,e.e,e,5.8,18,,M,M,2,27 36e,,
9,8,2022,90,75,83,2,e,18 e.ee,0,e.e,e,5.9,13,,M,M,3,19,,
9,9,2022,89,70,80,-1,e,15 e.ee,0,e.e,e,6.2,14,,M,M,2,19 12e,30,
9,10,2022,90,66,78,,e,13 e.ee,0,e.e,e,4.1,13,6e,M,M,,19,20,
9,11,2022,85,69,77,-7,e e,12 e. eo 11 e.ee,0,e.e e.e,e 11.1 21 34e,11.1,21,,M M,M M,5 3,29,,
9,12,2022,87,65,76,,,,0,,e,4.3,9,,,,,12 130,,
9,13,2022,90,67,79,e,e,14 e.ee,0,e.e,e,8.4,16,,M,M,2,21 18e,,
9,14,2022,88,64,76,-3,e,11 e.ee,0,e.e,e,8.3,15,,M,M,2,19 15e,20,
9,15,2022,88,63,76,-3,e,11 e.ee,0,e.e,e,7.7,15,,M,M,3,22 13e,,
9,16,2022,92,67,80,2,e,15 e.ee,0,e.e,e,9.5,20,,M,M,2,28 17e,,
9,17,2022,94,76,85,7,e,2e e.ee,0,e.e,e 12.4 18 19e,12.4,18,,M,M,4,28 16e,,
9,18,2022,95,76,86,8,e,21 e.ee,0,e.e,e le.4 17 19e,10.4,17,,M,M,,23 18e,,
9,19,2022,95,75,85,7,e,2e e.ee,0,e.e,e,7.6,15,,M,M,,2e 16e,,
9,20,2022,96,76,86,9,e,21 e.ee,0,e.e,e,7.8,15,,M,M,,22 17e,,
9,21,2022,96,74,85,8,e,2e e.ee,0,e.e,e,5.8,14,,M,M,1,19 17e,,
9,22,2022,98,70,84,7,e,19 e.ee,0,e.e,e,3.3,14,31e,M,M,,19 300,,
9,23,2022,97,72,85,9,e,2e e.ee,0,e.e,e,7.4,21,,M,M,2,27 17e,,
9,24,2022,96,76,86,10,e,21 e.ee,0,a.e,e,9.3,16,,M,M,1,21 18e,,
9,25,2022,98,75,87,11,e,22 e.ee,0,e.e,e,7,18,7e,M,M,5 3,26,50,
9,26,2022,87,66,77,2,e,12 e.ee,0,e.e,e,9.8,20,le,M,M,e,27 36e,,
9,27,2022,88,59,74,,e,9 e.ee,0,e.e,e,6.1,12,,M,M,,15 13e,,
9,28,2022,91,65,78,4,e,13 e.ee,0,e.e,e,7.7,16,,M,M,2,21 18e,,
9,29,2022,81,64,73,,e,8 e.ee,0,e.e,e,9.1,20,,M,M,e,29 150,,
9,30,2022,81,58,70,,e,5 e.ee,0,e.e,e,5.7,10,,M,M,e,15 13e,,
10,1,2022,82,56,69,-4,e,4 e.ee,0,e.e,e,3.6,12,,M,M,e,17 140,,
10,2,2022,84,57,71,,e,6 e.ee,0,e.e,e,2.9,12,8e,M,M,,18,,
10,3,2022,85,58,72,,e,7 e.ee,0,e.e,e,3.3,9,,M,M,e,17 140,,
10,4,2022,85,60,73,1,e,8 e.ee,0,e.e,e,3.6,10,,M,M,,16 18e,,
10,5,2022,88,60,74,2,e,9 e.ee,0,e.e,e,3.4,9,,M,M,2,13 12e,,
10,6,2022,89,60,75,3,e,le e.ee,0,e.e,e,3.4,9,,M,M,2,12,,
10,7,2022,88,64,76,5,e,11 e.ee,0,e.e,e,5.6,18,2e,M,M,7,24,,
10,8,2022,78,61,70,-1,e,5 e.ee,0,e.e,e 10.4 17,10.4,17,20,M,M,6,26 33e,,
10,9,2022,82,58,70,e,e,5 e.ee,0,e.e,e,5.3,9,,M,M,6,13 110,,
10,10,2022,87,65,76,6,e,11 e.ee,0,e.e,e,8.7,18,,M,M,3,24 180,,
10,11,2022,84,67,76,6,e,11,0.2,e.e,e 13.5 23 19e,13.5,23,,M,M,6,33 2ee,,
10,12,2022,95,69,82,13,e,17 e.ee,0,e.e,e 11.5 2e,11.5,20,le,M,M,,27,,
10,13,2022,82,58,70,1,e,5 e.ee,0,e.e,e,7.8,15,,M,M,e,2e,,
10,14,2022,87,56,72,3,e,7 e.ee,0,e.e,e,9.1,18,,M,M,2,24 19e,,
10,15,2022,94,71,83,15,e,18 e.ee,0,e.e,e 12.9 21 190,12.9,21,,M,M,5 8,28 180,,
10,16,2022,80,64,72,4,e,7 e. 07,0.07,e.e,e 11.0 31 360,11,31,,M,M,9,39 350,,
10,17,2022,71,53,62,-5,3,e e.ee,0,e.e,e 12.8 22,12.8,22,le,M,M,5,29,,
10,18,2022,65,48,57,,8,e e.ee,0,e.e,e le.2 21 35e,10.2,21,,M,M,,26 350,,
10,19,2022,67,42,55,,le,e e.ee,0,e.e,e,4.3,12,,M,M,e 8,15 170,,
10,20,2022,85,50,68,2,e,3 e. oe,0,e.e,e,8.4,18,,M,M,e 8,29 280,,
10,21,2022,92,51,72,6,e,7 e.ee,0,e.e,e le.6 24 19e,10.6,24,,M,M,e,32 19e,,
10,22,2022,88,65,77,12,e,12 e.ee,0,e.e,e 21.5 32 190,21.5,32,,M,M,4 8,42 190,,
10,23,2022,87,70,79,,e,14 e.ee,0,e.e,e 23.0 36 19e,23,36,,M,M,6,46 19e,,
10,24,2022,76,59,68,3,e,3 2.3e,2.3,e.e,e 13.1 25 3ee,13.1,25,,M,M,le 13,35 17e,,
10,25,2022,71,52,62,-2,3,e,0.2,e.e,e 14.4 36 3ee,14.4,36,,M,M,3,51 3ee,,
10,26,2022,73,47,60,-4,5,e e.ee,0,e.e,e,5,12,,M,M,e,16 14e,,
10,27,2022,75,50,63,,2,e e.ee,0,e.e,e le.7 18 12e,10.7,18,,M,M,4,26 15e,,
10,28,2022,64,52,58,-5,7,e 1.91,1.91,e.e,e 12.6 39,12.6,39,se,M,M,le 13,se,,
10,29,2022,65,55,60,-3,5,e 0.15,0.15,e.e,e 12.7 2e 330,12.7,20,,M,M,le 1,24 330,,
10,30,2022,75,55,65,3,e,e e.ee,0,e.e,e,8.4,16,,M,M,3,2e 32e,,
10,31,2022,78,51,65,3,e,e e.ee,0,e.e,e,2.2,7,,M,M,6 8,11 230,,
11,1,2022,78,56,67,5,e,2 e.ee,0,e.e,e,5.2,15,M,M,5,21 17e,,,
11,2,2022,75,55,65,4,e,e e.ee,0,a.e,e,9.2,17,M,M,5 1,31 14e,,,
11,3,2022,80,66,73,12,e,8,0.2,e.e,e 12.8 24 17e,12.8,24,M,M,7 18,34 17e,,,
11,4,2022,78,49,64,4,1,e 3 .el,3.01,e.e,e,16,44,M,M,8 123,63 28e,,,
11,5,2022,66,44,55,-5,le,e e.ee,0,e.e,e,9.1,17,M,M,2,24 31e,,,
11,6,2022,81,55,68,8,e,3 e.ee,0,e.e,e 11.5 2e 200,11.5,20,M,M,4,27 2ee,,,
11,7,2022,82,63,73,14,e,8 e.e3,0.03,e.e,e,4.8,20,M,M,9 12,25 16e,,,
11,8,2022,80,68,74,15,e,9 e.ee,0,e.e,e,8,15,M,M,8 18,19 14e,,,
11,9,2022,83,67,75,16,e,le e.ee,0,e.e,e 11.1 22 17e,11.1,22,M,M,6,29 180,,,
11,10,2022,75,62,69,11,e,4,0.2,e.e,e,8.6,21,M,M,6,29 19e,,,
11,11,2022,68,41,55,-3,le,e e.52,0.52,e.e,e 16.0 29 35e,16,29,M,M,9 13,37 34e,,,
11,12,2022,53,35,44,,21,e e.ee,0,e.e,e le. e 18 36e,10,18,M,M,4,24,le,,
11,13,2022,54,33,44,,21,e e.ee,0,e.e,e,5.7,15,M,M,5,2e 12e,,,
11,14,2022,45,41,43,,22,e e.45,0.45,e.e,e,9.8,18,M,M,9,24 33e,,,
11,15,2022,46,37,42,,23,e e.ee,0,e.e,e,9.8,20,M,M,9,27 31e,,,
11,16,2022,56,38,47,-9,18,e e.ee,0,e.e,e,5.4,12,M,M,6,15 31e,,,
11,17,2022,60,34,47,-9,18,e e.ee,0,e.e,e,5,13,M,M,2,17 21e,,,
11,18,2022,48,37,43,,22,e,0.2,T,e le.6 18 36e,10.6,18,M,M,7 4,23 360,,,
11,19,2022,44,35,40,,25,e,0.2,T,e,8,17,M,M,7 4,22,le,,
11,20,2022,51,30,41,,24,e,0.2,a.e,e,5.1,12,M,M,5,15 22e,,,
11,21,2022,52,40,46,,19,e e.e2,0.02,e.e,e,6.9,13,M,M,8,16 19e,,,
11,22,2022,61,40,51,-3,14,e e.ee,0,e.e,e,4.7,14,M,M,7,17 ne,,,
11,23,2022,58,50,54,e,11,e ese,0,e.e,e,6,14,M,M,le 138,17 17e,,,
11,24,2022,58,53,56,2,9,e e. 7e,0.7,e.e,e,8.8,22,M,M,le 13,27 36e,,,
11,25,2022,59,50,55,2,le,e,0.2,e.e,e 11.4 21,11.4,21,M,M,le,27,20,,
11,26,2022,56,47,52,-1,13,e 1.17,1.17,e.e,e le.6 22 25e,10.6,22,M,M,le 1,28 25e,,,
11,27,2022,64,45,55,2,le,e e.ee,0,e.e,e,9.7,16,M,M,2,19 33e,,,
11,28,2022,69,38,54,2,11,e e.ee,0,e.e,e,9.8,20,M,M,2,26 17e,,,
11,29,2022,81,43,62,10,3,e e.ee,0,e.e,e 16.1 33 34e,16.1,33,M,M,5 1,43 35e,,,
11,30,2022,51,35,43,-9,22,e e.ee,0,e.e,e le.4 29 35e,10.4,29,M,M,2,35 35e,,,
12,1,2022,52,35,44,-7,21,e,0.2,e.e,e,8.1,18,M,M,7,24 2ee,,,
12,2,2022,65,49,57,6,8,e,0.2,e.e,e 11.6 24 19e,11.6,24,M,M,9,29 19e,,,
12,3,2022,60,46,53,2,12,e e.ee,0,e.e,e 13.5 29 36e,13.5,29,M,M,8,39,le,,
12,4,2022,58,47,53,2,12,e,0.2,e.e,e,7.5,16,M,M,9,21 16e,,,
12,5,2022,81,52,67,17,e,2 e.ee,0,e.e,e 14.2 22 19e,14.2,22,M,M,7 1,30 zee,,,
12,6,2022,77,61,69,19,e,4,0.2,e.e,e,7.1,16,M,M,7,2e 23e,,,
12,7,2022,74,58,66,16,e,e.B6,0.06,e.e,e,6.7,15,M,M,le 128,18 17a,,,
12,8,2022,77,57,67,17,e,2 e.le,0.1,e.e,e,3.4,12,M,M,9 128,13 33e,,,
12,9,2022,68,58,63,14,2,e e.e6,0.06,e.e,e,6.8,15,M,M,9 12,19,ze,,
12,10,2022,74,54,64,15,1,e 1.37,1.37,e.e,e,9.2,23,M,M,le 123,30 33e,,,
12,11,2022,58,52,55,6,le,e e.B4,0.04,e.e,e,6.9,15,M,M,le,19,le,,
12,12,2022,64,55,60,11,5,e e.e2,0.02,e.e,e 11.7 24 14e,11.7,24,M,M,le,33 149,,,
12,13,2022,69,54,62,,3,e e.73,0.73,e.e,e 13.0 41 23e,13,41,M,M,7 13,56 23e,,,
12,14,2022,59,43,51,3,14,e,0.2,e.e,e 12.e 22 32e,12,22,M,M,5,31 29e,,,
12,15,2022,55,37,46,-2,19,e e.ee,0,e.e,e,7.6,16,M,M,e,25 27e,,,
12,16,2022,50,37,44,-4,21,e e.ee,0,e.e,e,9.2,17,M,M,6,22 349,,,
12,17,2022,52,35,44,,21,e e.ee e.e,0,,e,7,16,M,M,,2e 33a,,,
12,18,2022,55,31,43,-4,22,e e.ee,0,e.e,e,7.1,16,M,M,5,22 14e,,,
12,19,2022,49,44,47,e,18,e e. el,0.01,e.e,e le.5 2e 15e,10.5,20,M,M,le,26 14e,,,
12,20,2022,56,39,48,1,17,e,0.2,e.e,e,9.8,17,M,M,6,23,le,,
12,21,2022,52,31,42,-5,23,e e.ee,0,e.e,e,7.3,15,M,M,7,2e 189,,,
12,22,2022,45,11,28,,37,e,0.2,T,e 22.1 38 33e,22.1,38,M,M,7 168,49 33e,,,
12,23,2022,25,11,18,,47,e e.ee e.e,0,,e 15.6 24 35e,15.6,24,M,M,7,34 340,,,
12,24,2022,37,2.2,30,,35,e e.ee,0,e.e,e,5.3,12,M,M,5,14 3ee,,,
12,25,2022,52,22,37,-9,28,e e.ee,0,e.e,e,7.5,15,M,M,4,22 2ee,,,
12,26,2022,59,29,44,-2,21,e e.ee,0,e.e,e 10.6 26 35a,10.6,26,M,M,4,33 35e,,,
12,27,2022,52,23,38,-8,27,e e.ee,0,e.e,e,9,16,M,M,4,23 17e,,,
12,28,2022,73,43,58,12,7,e e.ee,0,e.e,e 17.7 31 19e,17.7,31,M,M,5,41 19e,,,
12,29,2022,74,55,65,19,e,e e.ee,0,e.e,e le.6 28 19e,10.6,28,M,M,9,36 17e,,,
12,30,2022,63,46,55,9,le,e e.ee,0,e.e,e,5.2,10,M,M,9,14 36e,,,
12,31,2022,74,46,60,14,5,e e.ee,0,e.e,e 11.3 25 22e,11.3,25,M,M,4,31 22e,,,
1,1,2023,78,51,65,19,e,e e.ee,0,e.e,e 11.5 18 2ee,11.5,18,,M,M,7,23 160,,
1,2,2023,78,64,71,25,e,6,0.2,e.e,e 12.7 28 19e,12.7,28,,M,M,8 18,36 190,,
1,3,2023,69,44,57,11,8,e,0.2,e.e,e le.l 21 28e,10.1,21,,M,M,7,28 260,,
1,4,2023,59,37,48,2,17,e e.ee,0,e.e,e,5,13,,M,M,2 8,17 320,,
1,5,2023,62,36,49,3,,e e.ee,0,e.e,e,4.6,10,,M,M,3,330,,
1,6,2023,70,40,55,9,le,e e.ee,0,e.e,e 12.2 28 18e,12.2,28,,M,M,6,36 180,,
1,7,2023,64,49,57,11,8,e e.ee,0,e.e,e 11.6 2e 32e,11.6,20,,M,M,5,24 18a,,
1,8,2023,61,40,51,5,14,e e.ee,0,e.e,e,5.6,15,,M,M,3,18 360,,
1,9,2023,70,36,53,7,12,e e.ee,0,e.e,e,7.7,20,,M,M,3,24 180,,
1,10,2023,83,44,64,18,,e e.ee,0,e.e,e 12.3 23 21e,12.3,23,,M,M,3,29 220,,
1,11,2023,85,55,70,24,e,5 e. ee,0,e.e,e 14.3 24 29e,14.3,24,,M,M,6,35 290,,
1,12,2023,69,40,55,9,le,e e.ee,0,e.e,e 18.6 33 31e,18.6,33,,M,M,2,46 3ee,,
1,13,2023,58,33,46,e,19,e e.ee,0,e.e,e,6.1,14,3e,M,M,3,18,20,
1,14,2023,64,36,50,4,15,e e.ee,0,e.e,e 11.2 22,11.2,22,17e,M,M,4,28 160,,
1,15,2023,71,47,59,13,6,e e.ee,0,e.e,e 18.6 32,18.6,32,19e,M,M,5,43 170,,
1,16,2023,76,57,67,21,e,2 e. eo,0,e.e,e 14.2 25,14.2,25,2ee,M,M,8,33 190,,
1,17,2023,79,49,64,18,1,e e.ee,0,e.e,e,7.2,16,14e,M,M,6 8,23 150,,
1,18,2023,72,57,65,19,e,e,0.2,e.e,e 12.8 28,12.8,28,32e,M,M,5,35 320,,
1,19,2023,61,43,52,6,13,e e.ee,0,e.e,e,10.2,23,,M,M,4,31 310,,
1,20,2023,63,39,51,5,14,e e.ee,0,e.e,e,6.5,15,,M,M,7,19 140,,
1,21,2023,59,45,52,6,13,e,0.2,e.e,e,9,21,,M,M,6 8,28 3ee,,
1,22,2023,54,37,46,-1,19,e e.ee,0,e.e,e,11.6,22,,M,M,3,27 340,,
1,23,2023,55,33,44,-3,21,e e.ee,0,e.e,e,5.7,13,4e,M,M,3,18,40,
1,24,2023,49,35,42,-5,23,e I.e2,1.02,T,e,13.3,23,2e,M,M,le,32 290,,
1,25,2023,44,37,41,-6,24,e,0.2,e.e,e 12.3 21 31e,12.3,21,,M,M,7,,,
1,26,2023,54,32,43,-4,22,e e.ee,0,e.e,e,9.3,18,,M,M,1,23 310,,
1,27,2023,63,31,47,e,18,e e.ee,0,e.e,e 12.9 22 19e,12.9,22,,M,M,2,3e 190,,
1,28,2023,70,45,58,11,7,e,0.2,e.e,e 13.5 24 19e,13.5,24,,M,M,8,33 180,,
1,29,2023,59,30,45,,2e,e,0.2,e.e,e 14.7 26 34e,14.7,26,,M,M,9 1,32 340,,
1,30,2023,30,26,28,,37,e e.el,0.01,T,e 15.e 22 34e,15,22,,M,M,le 146,27 340,,
1,31,2023,29,25,27,,38,e e.35,0.35,1.3,T 13.6 21 34e,13.6,21,,M,M,le 1346,26 360,,
2,1,2023,31,28,30,,35,e e. 28,0.28,,,8.9,17,M,M,le 146,21 31e,,,
2,2,2023,35,31,33,,32,e e.41,0.41,e.e,,8.7,16,M,M,9 16,18 36e,,,
2,3,2023,53,30,42,-6,23,e e.ee,0,e.e,T,5.2,12,M,M,1 1,15 35e,,,
2,4,2023,58,32,45,-3,28,e e.ee,0,e.e,e le. 2 25 198,10.2,25,M,M,5,32 194,,,
2,5,2023,78,42,56,8,9,e e.ee,0,e.e,e,7.8,14,M,M,,17 17e,,,
2,6,2023,74,47,61,12,4,e e.ee,0,e.e,e 16.8 32 188,16.8,32,M,M,6,42 18e,,,
2,7,2023,64,47,56,7,9,e l.łe,1.1,e.e,e 12.8 21 328,12.8,21,M,M,le 13,28,2e,,
2,8,2023,49,39,44,-5,21,e 1.11,1.11,e.e,e 12.5 24 27e,12.5,24,M,M,8 13,35 27e,,,
2,9,2023,64,33,49,e,16,e e.ee,0,e.e,e,6.1,28,M,M,2 1,24 368,,,
2,10,2023,58,37,44,-5,21,e,0.2,e.e,e 15.8 25 340,15.8,25,M,M,9,32 35e,,,
2,11,2023,56,35,46,,19,e,0.2,T,e,8.1,16,M,M,4,2e 35e,,,
2,12,2023,68,34,51,,14,e e.ee,0,e.e,e,7.6,18,M,M,3,25 190,,,
2,13,2023,66,41,54,4,11,e,0.2,e.e,e,9.7,38,M,M,8,45 144,,,
2,14,2023,71,52,62,12,3,e e.58,0.58,e.e,e 17.2 39 22e,17.2,39,M,M,6 13,55 23e,,,
2,15,2023,77,45,61,11,4,e e.ee,0,e.e,e 12.6 32 318,12.6,32,M,M,5,4e 298,,,
2,16,2023,57,36,47,,18,e,0.2,e.e,e 2e.7 33 326,10.7,33,M,M,6,4e 35e,,,
2,17,2023,51,31,41,,24,e e.ee,0,e.e,e,9,28,M,M,3,35 34e,,,
2,18,2023,53,30,42,-9,23,e e.ee,0,e.e,e 11.7 21 178,11.7,21,M,M,9,27 17e,,,
2,19,2023,72,41,57,6,8,e e.ee,0,e.e,e 12.4 28 2ee,12.4,28,M,M,8,26 21e,,,
2,20,2023,88,56,68,16,e,3 e.ee,0,e.e,e 11.7 24 240,11.7,24,M,M,9,31 23e,,,
2,21,2023,98,60,75,23,e,le e.ee,0,e.e,e 16.2 38 180,16.2,38,M,M,7,42 19e,,,
2,22,2023,81,59,74,18,e,5 0.44,0.44,e.e,e 15.7 31 188,15.7,31,M,M,5 13,41 240,,,
2,23,2023,67,45,56,4,9,e e.ee,0,e.e,e 16.2 24 35e,16.2,24,M,M,6,3e 35e,,,
2,24,2023,49,42,46,-7,19,e,0.2,e.e,e 12.9 18,12.9,18,M,M,le,22 360,,,
2,25,2023,49,39,44,-9,21,e e.eł,0.01,e.e,e,5.7,15,M,M,le,18 34e,,,
2,26,2023,78,47,63,18,2,e e.e2,0.02,e.e,e 12.7 37 180,12.7,37,M,M,9 128,52 18e,,,
2,27,2023,75,54,65,12,e,e e.b6,0.06,e.e,e,9.7,26,M,M,4 18,34 26e,,,
2,28,2023,85,48,67,13,e,2 e.ee,0,e.e,e,9,17,M,M,4,22 220,,,
3,1,2023,71,57,64,le,1,e e.B4,0,e,8.3 23 19e,8.3,23,M,M,le 13,29 19e,,,
3,2,2023,82,54,68,,e,3 e.59,0,e 11.5 53 32e,,11.5,53,M,M,9 13,71 32e,,,
3,3,2023,66,46,56,2,9,e e.19,0,e 10.8 28 29e,,10.8,28,M,M,3 13,37 29e,,,
3,4,2023,77,43,60,5,5,e e.ee,0,e,9.4 2e 18e,9.4,20,M,M,,26 19e,,,
3,5,2023,79,50,65,le,e,e e.ee,0,e 13.5 29 19e,,13.5,29,M,M,3,36 19e,,,
3,6,2023,82,58,70,15,e,5 e.ee,0,e IO.9 18 19e,,10.9,18,M,M,7,24 18e,,,
3,7,2023,74,58,66,le,e,1 e.ee e.e,0,e,6.5 16 33e,6.5,16,M,M,6 1,2e 18e,,,
3,8,2023,63,52,58,2,7,e e.el,0.01,e 10.4 22 33e,,10.4,22,M,M,le 1,28 33e,,,
3,9,2023,70,54,62,6,3,e e.52,0.52,e,9.2,9.2,23,M,M,le 1238,32,2e,,
3,10,2023,67,46,57,,8,e e.ee e.e,0,e,8.6,8.6,21,M,M,5,27,3e,,
3,11,2023,88,56,72,15,e,7 e.ee,0,e 14.7,,14.7,25,M,M,8 1,36 19e,,,
3,12,2023,66,50,58,,7,e e.ee,0,e 18.8,,18.8,30,M,M,8,39 36e,,,
3,13,2023,60,46,53,-4,12,e e.ee,0,e 12.5,,12.5,18,M,M,6,26 36e,,,
3,14,2023,63,39,51,-7,14,e,0.2,e,6.5,6.5,13,M,M,6,21 Ile,,,
3,15,2023,69,43,56,-2,9,e e.ee,0,e 14.8,,14.8,26,M,M,6,35 17e,,,
3,16,2023,71,44,58,e,7,e e.95,0.95,e,21.4 38 34e,21.4,38,M,M,le 13,57 29e,,,
3,17,2023,54,40,47,,18,e e.ee,0,e,16.2 31 35e,16.2,31,M,M,7,38 360,,,
3,18,2023,56,38,47,,18,e e.ee,0,e,le.e 22 36e,10,22,M,M,6,3e 34e,,,
3,19,2023,53,31,42,,23,e e.ee,0,e,6.4 12,6.4,12,M,M,3,18,se,,
3,20,2023,55,37,46,,19,e e.ee,0,e,14.9 28 17e,14.9,28,M,M,8,38 17e,,,
3,21,2023,69,50,60,e,5,e e.e4,0.04,e,15.e 28 17e,15,28,M,M,le 1,34 15e,,,
3,22,2023,83,66,75,15,e,le e.ee,0,e,17.9 28 17e,17.9,28,M,M,9 8,36 17e,,,
3,23,2023,86,69,78,18,e,13 e.ee,0,e,18.e 29 19e,18,29,M,M,8,39 21e,,,
3,24,2023,76,61,69,9,e,4 e.38,0.38,e,11.4 24 29e,11.4,24,M,M,7 13,3e 29e,,,
3,25,2023,77,52,65,4,e,e e.ee,0,e,10.4 21 27e,10.4,21,M,M,e,28 27e,,,
3,26,2023,79,50,65,4,e,e e.ee,0,e,8.7 26,8.7,26,M,M,,33,le,,
3,27,2023,72,47,60,,5,e e.e3,0.03,e,7.8 17,7.8,17,M,M,6 3,26,le,,
3,28,2023,64,49,57,-5,8,e e.ee,0,e 13.2 23 35e,,13.2,23,M,M,6,32 35e,,,
3,29,2023,66,49,58,-4,7,e e.ee,0,e,7.7 15 15e,7.7,15,M,M,8,2e 16e,,,
4,1,2023,76,55,66,4,e,1 e.ee,0,e.e,e,9.7,22,le,M,M,6,29 329,,
4,2,2023,80,55,68,5,e,3 e.68,0.68,e.e,e 11.e,11,29,32e,M,M,8 1358,41 336,,
4,3,2023,94,64,79,16,e,14 e.ee,0,e.e,e 16.6,16.6,25,17e,M,M,3,39 21e,,
4,4,2023,82,72,77,14,e,12 e.ee,0,e.e,e 19.7,19.7,26,19e,M,M,9,36 169,,
4,5,2023,77,52,65,2,e,e,0.2,e.e,e 15.5,15.5,29,32e,M,M,8 3,36 339,,
4,6,2023,59,49,54,,11,e e.ee,0,e.e,e 13.1,13.1,28,3e,M,M,9,27,29,
4,7,2023,63,53,58,-6,7,e e.ee,0,e.e,e,9.5,15,3e,M,M,19,29,69,
4,8,2023,74,55,65,,e,e e.ee,0,e.e,e,5.1,16,8e,M,M,7,2e 128,,
4,9,2023,73,54,64,e,1,e e.ee,0,e.e,e,2.9,16,13e,M,M,7,22 139,,
4,19,2023,76,55,66,2,e,1 e.ee,0,e.e,e,6.7,14,lie,M,M,6,19 148,,
4,11,2023,77,53,65,e,e,e e.ee,0,e.e,e,5,15,Ile,M,M,2,2e 119,,
4,12,2023,79,54,67,2,e,2 e.ee,0,e.e,e,7.1,17,14e,M,M,3,23 148,,
4,13,2023,80,54,67,2,e,2 e.ee,0,e.e,e,8.9,17,16e,M,M,4,31 17e,,
4,14,2023,81,68,71,6,e,6,0.2,e.e,e 17.e,17,28,19e,M,M,7,36 17e,,
4,15,2023,81,58,70,4,e,5 e.ee,0,e.e,e 17.3,17.3,29,36e,M,M,4,49,te,
4,16,2023,74,50,62,,3,e e.ee,0,e.e,e,9.2,20,34e,M,M,e,3e 338,,
4,17,2023,82,49,66,e,e,1 e.ee,0,e.e,e 11.6,11.6,25,19e,M,M,3 8,36 2ee,,
4,18,2023,76,61,69,3,e,4 e.ee,0,e.e,e 16.6,16.6,28,18e,M,M,6,36 189,,
4,19,2023,85,66,76,te,e,11,0.2,e.e,e 29.3,29.3,31,17e,M,M,7,42 198,,
4,20,2023,85,62,74,7,e,9 e.94,0.94,e.e,e 14.3,14.3,30,18e,M,M,9 1358,42 178,,
4,21,2023,77,56,67,e,e,2 e.ee,0,e.e,e,9.7,23,3e,M,M,4,31,3e,
4,22,2023,73,52,63,-4,2,e,0.2,e.e,e,9.8,25,le,M,M,8,32,le,
4,23,2023,59,47,53,,12,e e. 10,0.1,e.e,e lê. 1,10.1,22,3e,M,M,9 1,31,3e,
4,24,2023,70,45,58,,7,e,0.2,e.e,e,8.2,16,139,M,M,7,21 13e,,
4,25,2023,73,59,66,-2,e,1 e. el,0.01,e.e,e,9.7,18,13e,M,M,19,26 129,,
4,26,2023,64,55,68,-8,5,e,1.41,e.e,e le.2,10.2,32,13e,M,M,le 13,42 138,,
4,27,2023,69,55,62,-6,3,e,0.2,e.e,e le.4,10.4,22,31e,M,M,7 1,29 329,,
4,28,2023,72,49,61,-7,4,e e.e6,0.06,e.e,e 12.6,12.6,29,33e,M,M,7 3,36 348,,
4,29,2023,73,53,63,-6,2,e e.ee,0,e.e,e 17.3,17.3,29,348,M,M,6,37 339,,
4,30,2023,83,49,66,-3,e,e.ee,0,e.e,e,9.6,16,7e,M,M,1,22,89,
5,1,2023,78,53,66,-3,e,e.ee,0,e.e,e,6.6,13,7e,M,M,4,2e,99,
5,2,2023,83,53,68,-2,e,3 e.ee e.e,0,,e,5.5,13,Ile,M,M,6,17,79,
5,3,2023,83,64,74,4,e,9 e.ee,0,e.e,e,7.6,15,lee,M,M,8,29 119,,
5,4,2023,85,63,74,4,e,9,0.2,e.e,e 11.e 22,11,22,17e,M,M,le,3e 15e,,
5,5,2023,96,69,83,13,e,18 e.ee,0,e.e,e,12.6,25,,M,M,6,34 179,,
5,6,2023,88,68,78,7,e,13 e. 19,0.19,e.e,e,14.1,35,,M,M,7 13,42 318,,
5,7,2023,88,68,78,7,e,13 e. el,0.01,e.e,e,14.7,24,,M,M,9 3,33 16e,,
5,8,2023,90,70,89,9,e,15 e. 19,0.19,e.e,e,11.5,24,,M,M,6 13,33 189,,
5,9,2023,85,69,77,5,e,12 e.ee,0,e.e,e,10.6,22,,M,m,8,27 198,,
5,10,2023,75,66,71,-1,e,6 e. 32,0.32,e.e,e,4.6,12,,M,M,9 13,16,98,
5,11,2023,88,65,77,5,e,12 e. el,0.01,e.e,e,10.5,22,,M,M,9 18,39 159,,
5,12,2023,91,76,84,11,e,19 e.ee,0,e.e,e,14.8,26,,M,M,9,39 198,,
5,13,2023,85,69,77,4,e,12,0.2,e.e,e,7.7,21,,M,M,8,26 178,,
5,14,2023,75,69,72,-1,e,7 e.44,0.44,e.e,e,5.1,28,,M,M,9 13,39 139,,
5,15,2023,87,68,78,4,e,13,0.2,e.e,e,6.9,21,,M,M,7 3,27 19e,,
5,16,2023,80,67,74,e,e,9 e.ee,0,e.e,e,8.6,17,,M,M,8,22 348,,
5,17,2023,84,61,73,-1,e,8 e.ee,0,e.e,e,5.6,14,2e,M,M,4,17 359,,
5,18,2023,88,64,76,,e,11 e.ee,0,e.e,e,6.6,15,,M,M,6,29 148,,
5,19,2023,93,71,82,7,e,17 e.94,0.94,e.e,e,9.2,20,,M,M,7 13,26 248,,
5,29,2023,78,63,71,-4,e,6 e.ee,0,e.e,e,12.6,25,,M,M,8 8,31 369,,
5,21,2023,76,61,69,-7,e,4 e.ee,0,e.e,e,4.6,10,,M,M,8,13 339,,
5,22,2023,84,61,73,,e,8 e.ee,0,e.e,e,4.5,12,,M,M,4 1,16 129,,
5,23,2023,85,68,77,,e,12 e.ee e.e,0,,e,8.7,15,,M,M,7,29 138,,
5,24,2023,87,67,77,e,e,12 e. 10,0.1,e.e,e,7.6,22,,M,M,7 3,3e 3ee,,
5,25,2023,85,67,76,-1,e,11 e.ee,0,e.e,e,5.7,13,,M,M,6,2e 19e,,
5,26,2023,87,68,78,,e,13 e.ee,0,e.e,e,6.5,16,,M,M,7,29 lee,,
5,27,2023,86,69,78,e,e,13 e.ee,0,e.e,e,6.6,13,,M,M,9,17 128,,
5,28,2023,87,67,77,-1,e,12 e. 16,0.16,e.e,e,7.2,23,,M,M,8 1,3e 21e,,
5,29,2023,90,68,79,,e,14 e.ee,0,e.e,e,7.9,26,,M,M,7 138,37 279,,
5,39,2023,89,66,78,e,e,13 e.e8,0.38,e.e,e,5.6,23,3e,M,M,5 3,39,5e,
5,31,2023,90,66,78,-1,e,13 e.ee,0,e.e,e,5.8,16,,M,M,4,22 168,,
6,1,2023,89,71,80,1,e,15 e.ee,0,e.e,e,7.6,18,,M,M,5,27 122,,
6,2,2023,92,70,81,2,e,e.ee,0,e.e,e,8.9,29,,M,M,5 3,4e 29a,,
6,3,2023,93,67,80,e,e,15 e.ee,0,e.e,e,6.6,28,30,M,M,8 3,37,4e,
6,4,2023,88,66,77,-3,e,12 e.ee,0,e.e,e,7.2,17,3e,M,M,7,24,3e,
6,5,2023,87,67,77,-3,e,12,0.2,e.e,e,7,25,,M,M,8 3,37 lee,,
6,6,2023,90,69,80,e,e,15,0.2,e.e,e,4.7,22,,M,M,6 3,30 2ee,,
6,7,2023,92,69,81,1,e,16,0.2,e.e,e,4.4,21,,M,M,5 38,32 150,,
6,8,2023,92,69,81,e,e,16 e.ee,0,e.e,e,5.9,25,,M,M,7 3,32 19a,,
6,9,2023,97,70,84,3,e,19 e.ee,0,e.e,e,5.8,15,,M,M,4,20 210,,
6,10,2023,94,74,84,3,e,19 e.ee,0,e.e,e 11.7,11.7,18,,M,M,6,26 130,,
6,11,2023,99,71,85,4,e,20 e.e8,0.08,e.e,e,7.5,24,,M,M,4 3,35 12a,,
6,12,2023,87,69,78,-4,e,13,0.2,e.e,e 10.4,10.4,26,20,M,M,7 13,36,le,
6,13,2023,79,69,74,-8,e,9 e.55,0.55,e.e,e,7.5,16,,M,M,9 123,36 22e,,
6,14,2023,91,74,83,,e,e.ee,0,e.e,e,5.8,14,,M,M,7 18,18 32e,,
6,15,2023,93,75,84,2,e,19 e.ee,0,e.e,e,9.7,24,40,M,M,5 18,32,3e,
6,16,2023,97,72,85,3,e,20 e.ee,0,e.e,e 11.3,11.3,24,,M,M,6,34 12e,,
6,17,2023,96,74,85,3 3,e e,20 e.ee 20 e.ee,0,e.e e.e,e e,9.3,22,,M M,M M,6 4,27 160,,
6,18,2023,94,75,85,,,,0,,,6.9,23,2e,,,,32,20,
6,19,2023,99,74,87,4,e,22 e.ee,0,e.e,e 10.1,10.1,18,,M,M,1,25 15e,,
6,20,2023,98,81,90,7,e,25 e.ee,0,e.e,e,10.5,17,,M,M,6,24 17e,,
6,21,2023,92,79,86,3,e,21 e.14,0.14,e.e,e le.e,10,23,5a,M,M,7 3,35,80,
6,22,2023,90,78,84,,e,19 e. el,0.01,e.e,e,8.4,16,,M,M,8 3,23 Ile,,
6,23,2023,93,77,85,2,e,20,0.2,e.e,e,8.7,26,30,M,M,5 3,38,4e,
6,24,2023,99,75,87,4,e,22 e.ee,0,e.e,e 13.6 24 190,13.6,24,,M,M,3,32 18e,,
6,25,2023,101,81,91,8,e,26 e.ee,0,e.e,e,9,21,,M,M,2,28 16e,,
6,26,2023,101,82,92,8,e,27 e.ee,0,e.e,e 11.9 22 160,11.9,22,,M,M,1 8,30 15e,,
6,27,2023,102,80,91,7,e,26 e.ee,0,e.e,e 12.9 22 2ee,12.9,22,,M,M,1,29 2ee,,
6,28,2023,101,79,90,6,e,25 e.ee,0,e.e,e 13.8 21 16e,13.8,21,,M,M,1,27 15e,,
6,29,2023,101,80,91,7,e,26 e.ee,0,e.e,e 12.8 21 15e,12.8,21,,M,M,e,27 19e,,
6,30,2023,98,82,89,5,e,24 e.ee,0,e.e,e 13.7 21 15a,13.7,21,,M,M,3,3a 19a,,
7,1,2023,89,78,84,e,e,19 e.ee,0,e.e,e,9.5,21,,M,M,8,26 180,,
7,2,2023,92,73,83,-1,e,18 e.ee,0,e.e,e,7.4,21,,M,M,7 3,25 220,,
7,3,2023,100,75,88,4,e,23 e.ee,0,e.e,e Il.e,11,25,60,M,M,5 3,34,60,
7,4,2023,99,74,87,3,e,22 e.ee,0,e.e,e le.9,10.9,20,,M,M,5,27 17e,,
7,5,2023,98,80,89,5,e,24 e.ee,0,e.e,e 11.5,11.5,21,,M,M,3,26 140,,
7,6,2023,97,80,89,4,e,24 e.ee,0,e.e,e,9.2,20,,M,M,6 3,24 19e,,
7,7,2023,96,78,87,2,e,22 e.ee,0,e.B,e 13.4,13.4,23,,M,M,4,31 180,,
7,8,2023,98,79,89,4,e,24,0.2,e.e,e le. 5,10.5,22,,M,M,7,29 130,,
7,9,2023,90,74,82,-3,e,17 e.12,0.12,e.e,e,9.3,28,,M,M,6 13,38 290,,
7,10,2023,98,78,88,3,e,23 e.ee,0,e.e,e,8.3,17,,M,M,6 3,26 13e,,
7,11,2023,97,77,87,2,e,22 e. 03,0.03,e.e,e 11.3,11.3,26,20,M,M,5 3,34,2e,
7,12,2023,105,82,94,9,e,29 e.ee,0,e.e,e 14.4,14.4,23,,M,M,2,28 2ee,,
7,13,2023,104,81,93,7,e,28,0.2,e.B,e 15. e,15,25,,M,M,5,33 190,,
7,14,2023,103,84,94,8,e,29 e.ee,0,e.e,e 13.8,13.8,23,,M,M,7,30 18e,,
7,15,2023,101,83,92,6,e,27 e.ee,0,e.e,e 11.1,11.1,22,,M,M,5,30 19e,,
7,16,2023,88,74,81,-5,e,16 e. 32,0.32,e.e,e,8.5,25,,M,M,5 13,31 320,,
7,17,2023,106,74,90,4,e,25 e.ee,0,e.e,e,9.3,18,,M,M,2,26 17e,,
7,18,2023,108,82,95,9,e,30 e.ee,0,e.e,e 15.3,15.3,24,,M,M,,31 170,,
7,19,2023,105,83,94,8,e,29 e.ee,0,e.e,e 14.5,14.5,21,,M,M,1,29 180,,
7,20,2023,104,83,94,8,e,29 e.ee,0,e.e,e le.7,10.7,20,,M,M,5,24 220,,
7,21,2023,103,82,93,7,e,28 e.ee,0,e.e,e,9.8,21,30,M,M,5,25,se,
7,22,2023,93,77,85,-1 e,e e,e.ee e.ee,0,e.e e.B,e le.8,10.8,17,30,M M,M M,3 1,26,30,
7,23,2023,98,73,86,,,,0,,e,4.5,14,,,,,18 Ile,,
7,24,2023,102,76,89,2,e,24 e.ee,0,e.e,e,8.5,16,,M,M,,23 12e,,
7,25,2023,104,78,91,4,e,26 e.ee,0,e.a,e le. 5 20 19e,10.5,20,,M,M,1,31 140,,
7,26,2023,102,81,92,5,e,27 e.ee,0,e.e,e 12.7 21 17e,12.7,21,,M,M,3,29 22e,,
7,27,2023,101,82,92,5,e,27 e.ee,0,e.e,e 11.6 18 180,11.6,18,,M,M,8,28 14e,,
7,28,2023,102,81,92,5,e,27 e.ee,0,e.e,e le.7 20 190,10.7,20,,M,M,,26 16e,,
7,29,2023,103,80,92,5,e,27 e.ee,0,e.e,e,7.6,14,,M,M,2,21 14e,,
7,30,2023,104,79,92,5,e,27 e.ee,0,e.e,e,6.3,15,,M,M,,20 19e,,
7,31,2023,105,80,93,6,e,28 e.ee,0,e.e,e,7.9,16,,M,M,3,23 21e,,
8,1,2023,107,81,94,7,e,29 e.ee,0,e.e,e,7.5,18,,M,M,3,24 12e,,
8,2,2023,106,83,95,8,e,3e e. eo,0,e.e,e,10.7,20,,M,M,4,31 17e,,
8,3,2023,105,85,95,8,e,3e e.ee,0,e.e,e 12.7 2e 2ee,12.7,20,,M,M,1,26 19e,,
8,4,2023,105,85,95,8,e,3e e. ea,0,e.e,e 11.3 21 19e,11.3,21,,M,M,,27 190,,
8,5,2023,107,85,96,9,e,31 e.ee,0,e.e,e 10.8 2e 19e,10.8,20,,M,M,2,24 21e,,
8,6,2023,104,85,95,8,e,3e e.ee,0,e.e,e 10.1 21 2ae,10.1,21,,M,M,,27 2ee,,
8,7,2023,104,86,95,8,e,3e e.ee,0,e.e,e,9.7,24,,M,M,4,31 19e,,
8,8,2023,103,86,95,8,e,T,0.2,e.e,e 14.1 23 2oe,14.1,23,,M,M,7,3e zee,,
8,9,2023,107,83,95,8,e,3e e.ee,0,e.e,e 17.1 26 2oe,17.1,26,,M,M,5 3,37 23e,,
8,10,2023,107,85,96,9,e,31 e.ee,0,e.e,e 10.8 24 2ae,10.8,24,,M,M,2,32 19a,,
8,11,2023,107,84,96,9,e,31 e. eo,0,e.e,e 15.4 24 19e,15.4,24,,M,M,6,32 190,,
8,12,2023,106,83,95,8,e,3e e.ee,0,e.e,e 14.9 25 2oe,14.9,25,,M,M,2,33 2ee,,
8,13,2023,106,84,95,9,e,3e e. eo,0,e.e,e 13.7 24 19e,13.7,24,,M,M,,31 21e,,
8,14,2023,99,80,90,4,e,25 e. eo,0,e.e,e 12.9,12.9,24,le,M,M,2,29 360,,
8,15,2023,94,74,84,,e,19 e.ee,0,e.e,e,9.7,18,2e,M,M,3,25,40,
8,16,2023,97,71,84,-2,e,19 e.ee,0,e.e,e,5.6,14,2e,M,M,e,17,le,
8,17,2023,109,74,92,6,e,27 e.ee,0,e.e,e,9.1,16,15e,M,M,,21 15e,,
8,18,2023,109,82,96,le,e,31 e.ee,0,e.e,e,9,15,2ee,M,M,,21 18e,,
8,19,2023,108,85,97,11,e,32 e.ee,0,e.e,e,8.6,18,21e,M,M,,24 160,,
8,20,2023,109,83,,,,,0,,,7.6,18,,,,,,,
8,21,2023,106,82,96,le,e,31 e. eo,0,e.e,e,9,20,8e,M,M,,25,90,
8,22,2023,103,82,94,9,e,29 e.ee,0,e.e,e,8.9,17,6e,M,M,3,31 12e,,
8,23,2023,103,83,93,8,e,28 e.ee,0,e.e,e,6.5,15,Ile,M,M,5,27 Ile,,
8,24,2023,107,84,93,8,e,28 e.ee,0,e.e,e,5.6,14,12e,M,M,5,2e 120,,
8,25,2023,107,85,96,11,e,31 e.ee,0,e.e,e,5.4,14,Ile,M,M,7,19 lee,,
8,26,2023,110,85,98,14,e,33 e.ee,0,e.e,e,6,17,6e,M,M,4 8,19,60,
8,27,2023,110,78,98,14,e,33 e.ee,0.2,e.e,e,10.7,30,3e,M,M,5,23,40,
8,28,2023,101,78,90,6,e,25,0,e.e,e,12,22,,M,M,6,39 25e,,
8,29,2023,95,75,87,3,e,22 e.ee,0,e.e,e,7.5,18,,M,M,3,31,le,
8,20,2023,98,77,87,3,e,22 e. eo,0,e.e,e,9,22,le,M,M,4,3e,20,
8,31,2023,98,75,88,5,e,23 e.ee,0,e.e,e,5.8,16,20,M,M,2,29,2e,
9,1,2023,98,77,88,5,e,23 e.ee,0,e.e,e,9.3,18,18,M,M,e,25 13e,,
9,2,2023,98,71,85,2,e,2e e.ee,0,e.e,e,4.8,12,12,M,M,5 8,16,le,
9,3,2023,100,77,89,7,e,24 e.2e,0.2,e.e,e,8.1,30,30,30,M,8 38,43 15e,,
9,4,2023,100,77,89,7,e,24 e.ee,0,e.e,e 12.e 21 150,12,21,21,M,M,4,28 2ee,,
9,5,2023,104,81,93,11,e,28 e.ee,0,e.e,e 13.2 21 170,13.2,21,21,M,M,1,29 19e,,
9,6,2023,105,83,94,12,e,29 e.ee,0,e.e,e,6.5,16,16,M,M,4,2e 17e,,
9,7,2023,107,81,94,13,e,29 e.ee,0,e.e,e,5.7,14,14,M,M,1 8,19 2ee,,
9,8,2023,110,78,94,13,e,29 e. e3,0.03,e.e,e 11.6 41 2ee,11.6,41,41,M,M,3 38,54 28e,,
9,9,2023,97,77,87,6,e,22 e.ee,0,e.e,e,9.6,10,20,M,M,4 3,29 Ile,,
9,10,2023,94,71,83,3,e,18 e.ee,0,e.e,e,7.2,14,14,M,M,4,2e lee,,
9,11,2023,91,71,81,1,e,16 e.e2,0.02,e.e,e,9,28,,M,M,8 3,36 3ee,,
9,12,2023,84,71,78,,e,13,0.2,e.e,e le.6 18 350,10.6,18,,M,M,9,22 36e,,
9,13,2023,84,70,77,,e,12 e. e3,0.03,e.e,e,5.9,12,60,M,M,9,16,70,
9,14,2023,76,70,73,-6,e,8 e. e3,0.03,e.e,e,7.6,14,80,M,M,le 1,18,8e,
9,15,2023,84,70,77,,e,12,0.2,e.e,e,5.6,16,130,M,M,7 1,22 140,,
9,16,2023,88,69,79,1,e,14 e.ee,0,e.e,e,3.2,12,1e,M,M,5,16 36e,,
9,17,2023,91,69,80,2,e,15 e.ee,0,e.e,e,4.5,13,360,M,M,2,18 36e,,
9,18,2023,94,66,80,2,e,15 e.ee,0,e.e,e,7,15,160,M,M,2 8,22 16e,,
9,19,2023,96,70,83,5,e,18 e. 29,0.29,e.e,e 16.0,16,36,70,M,M,6 138,47,6e,
9,20,2023,94,71,83,6,e,18 e.ee,0,e.e,e 13.8,13.8,23,180,M,M,4 3,3e 15e,,
9,21,2023,96,76,86,9,e,21 e.ee,0,e.e,e 11.6,11.6,21,200,M,M,6,25 13e,,
9,22,2023,98,79,89,12,e,24 e.ee,0,e.e,e 12.2,12.2,21,210,M,M,5,26 18e,,
9,23,2023,101,79,90,14,e,25 e.ee,0,e.e,e,13.2,24,,M,M,2,33 19e,,
9,24,2023,102,75,89,13,e,24 e. 23,0.23,e.e,e,11.5,23,,M,M,5 3,3e 18e,,
9,25,2023,92,72,82,6,e,17 e.ee,0,e.e,e,7.5,16,30,M,M,6,25,le,
9,26,2023,96,72,84,9,e,19 e.ee,0,e.e,e,5.3,12,30,M,M,2,17,2e,
9,27,2023,96,71,84,9,e,19 e.ee,0,e.e,e,4.9,12,se,M,M,2,16,40,
9,28,2023,97,72,85,11,e,2e e.ee,0,e.e,e,6.2,16,,M,M,2,21 14e,,
9,29,2023,96,73,85,11,e,2e e.ee,0,e.e,e,9.6,17,,M,M,1 8,25 23e,,
9,30,2023,94,73,84,le,e,19 e.ee,0,e.e,e,8.7,16,,M,M,2,23 18e,,
10,1,2023,93,69,81,8,e,16 e.ee,0,e,5.e 14 129,5,14,M,M,5,29 12e,,,
10,2,2023,92,71,82,9,e,17 e.ee,0,e,6.4 17 149,6.4,17,M,M,4,21 13e,,,
10,3,2023,92,71,82,9,e,17 e.ee,0,e le.3 21 159,,10.3,21,M,M,6,39 16e,,,
10,4,2023,96,79,83,11,e,18 e.94,0.94,e 13.8,,13.8,35,M,M,8 13,47,19,,
10,5,2023,85,70,78,6,e,13 e.le,0.1,e,8.7,8.7,17,M,M,6 1,23,le,,
10,6,2023,87,64,76,4,e,11 e.ee,0,e le.3,,10.3,24,M,M,3,33,39,,
10,7,2023,72,57,65,-6,e,e e. ae,0,e,9.7,9.7,25,M,M,3,34,39,,
10,8,2023,86,52,66,-5,e,e.ee,0,e,6.2,6.2,14,M,M,e 8,23 2ee,,,
10,9,2023,89,58,74,4,e,9 e.ee,0,e Ie.7,,10.7,18,M,M,2,27 2ee,,,
10,10,2023,85,62,74,4,e,9 e.ee,0,e,11.8 29,11.8,29,M,M,7,28 179,,,
10,11,2023,76,65,71,1,e,6 e.ee,0,e,13.8 24,13.8,24,M,M,9,31 148,,,
10,12,2023,81,64,73,4,e,8 e.ee,0,e,16.e 24,16,24,M,M,6,32 179,,,
10,13,2023,79,64,72,3,e,7 e. ae,0,e,15.e 26,15,26,M,M,3,39 3ee,,,
10,14,2023,72,54,63,-6,2,e e.ee,0,e,14.2,14.2,22,M,M,e,39 349,,,
10,15,2023,68,51,60,-8,5,e e. ae,0,e,13.8,13.8,25,M,M,2 8,33 350,,,
10,16,2023,67,48,58,,7,e e.ee,0,e,9.3,9.3,19,M,M,e,39 369,,,
10,17,2023,74,44,59,-8,6,e e.ee,0,e,4.8,4.8,13,M,M,,16 178,,,
10,18,2023,82,55,69,2,e,4 e.ee,0,e,12.4,12.4,26,M,M,,34 18e,,,
10,19,2023,87,56,72,5,e,7 e.ee,0,e,7.2,7.2,16,M,M,,22 339,,,
10,20,2023,93,57,75,9,e,19 e.ee,0,e,5.9,5.9,12,M,M,e,17,18,,
10,21,2023,91,59,75,9,e,10 e.ee,0,e,6.6 16 190,6.6,16,M,M,7,19 190,,,
10,22,2023,85,64,75,18,e,19 e.ee,0,e,8.8 18 179,8.8,18,M,M,9,24 16e,,,
10,23,2023,82,69,76,11,e,11 8.65,0.65,e 11.2 28 238,,11.2,28,M,M,18,27 15e,,,
10,24,2023,74,72,73,8,e,8 1.98,1.08,e le.e 18 16e,,10,18,M,M,le 13,25 189,,,
10,25,2023,89,68,74,19,e,9 2.54,2.54,e 11.1 21 388,,11.1,21,M,M,19 13,28 150,,,
10,26,2023,83,68,76,12,e,11 1.54,1.54,e le.6 22 329,,10.6,22,M,M,7,26 31e,,,
10,27,2023,88,62,75,11,e,10 e.86,0.06,e 13.1 25 310,,13.1,25,M,M,8 1,32 310,,,
10,28,2023,62,55,59,-4,6,e 1.87,1.87,e,9.5 16 369,9.5,16,M,M,le,21 36e,,,
10,29,2023,55,48,48,,17,e 8.24,0.24,e 18.1 25 368,,18.1,25,M,M,18,35 31e,,,
10,30,2023,58,38,44,,21,e e. 61,0.61,e 17.7 28 35e,,17.7,28,M,M,7 13,36 35e,,,
10,31,2023,62,34,48,14,17,e e.ee,0,e 19.9 21 369,,19.9,21,M,M,1,26 359,,,
11,1,2023,56,33,45,,28,e a.ee,0,e.e,e,5.5,14,38,M,M,e,17,3e,
11,2,2023,64,36,50,,15,e e.ee,0,e.e,e,7.9,15,,M,M,,24 18e,,
11,3,2023,72,44,58,-3,7,e e.ee,0,e.e,e li.e 23 198,11,23,,M,M,1,33 18e,,
11,4,2023,74,51,63,3,2,e e.ee,0,e.e,e,9.3,20,,M,M,3 18,24 2ee,,
11,5,2023,81,58,70,le,e,5 e.ee,0,eșe,"e 10,1 21 2ee",10.1,21,,M,M,6,27 2ee,,
11,6,2023,83,65,74,14,e,9 e.ee,0,e.e,e 16.3 25 188,16.3,25,,M,M,4,33 18e,,
11,7,2023,85,64,75,16,e,le a.ee,0,e.e,e 14.4 24 198,14.4,24,,M,M,1,32 17e,,
11,8,2023,86,68,77,18,e,12 e.ee,0,e.e,e 14.8 22 198,14.8,22,,M,M,3,3e 18e,,
11,9,2023,73,52,63,4,2,e 8.24,0.24,e.e,e 13.2 25 368,13.2,25,,M,M,le,32 36e,,
11,10,2023,61,51,56,,9,e,0.2,e.e,e łe.2 17,10.2,17,le,M,M,9 1,22,3e,
11,11,2023,66,53,60,2,5,e e.ee,0,e.e,e,6.5,12,80,M,M,8,19 lle,,
11,12,2023,65,51,58,e,7,e e.ee,0,e.e,e,2.7,9,,M,M,8,11 34e,,
11,13,2023,66,50,58,1,7,e a.ee,0,e.e,e,6.1,14,3e,M,M,8,22,4e,
11,14,2023,70,51,61,4,4,e e.ee,0,e.e,e,3.3,8,90,M,M,4,12,5e,
11,15,2023,73,58,62,6,3,e e.ee,0,e.e,e,2.8,8,88,M,M,2 1,12,9e,
11,16,2023,61,52,57,,8,e,0.2,e.e,e,9.1,16,,M,M,9 12,22 18e,,
11,17,2023,62,57,60,4,5,e,0.2,e.e,e,7.8,15,,M,M,le 1,22 19e,,
11,18,2023,71,53,62,7,3,e e.ee,0,e.e,e,5.4,13,,M,M,8 1,15 34e,,
11,19,2023,65,53,59,4,6,e a.B3,0.03,e.e,e Ie.7 21 168,10.7,21,,M,M,9 13,3e 16e,,
11,20,2023,76,54,65,le,e,e,0.2,e.e,e 16.5 29 340,16.5,29,,M,M,6 1,37 34e,,
11,21,2023,60,44,52,,13,e e.ee,0,e.e,e 18.5 31 340,18.5,31,,M,M,7,43 33e,,
11,22,2023,63,39,51,-3,14,e e.ee,0,e.e,e,8.3,18,,M,M,e 8,23 33e,,
11,23,2023,64,40,52,-2,13,e e.ee,0,e.e,e,7.6,15,,M,M,4,26 15e,,
11,24,2023,64,40,52,-2,13,e e.ee,0,e.e,e,3.5,8,78,M,M,3 1,12,8e,
11,25,2023,61,41,51,,14,e a.14,0.14,e.e,e,6.9,15,,M,M,6 1,21 14e,,
11,26,2023,52,35,44,-9,21,e,0.2,e.e,e 14.8 29 338,14.8,29,,M,M,7,36 32e,,
11,27,2023,54,32,43,,22,e e.ee,0,e.e,e,4,12,28,M,M,5,14,3e,
11,28,2023,63,38,51,-1,14,e e.ee,0,e.e,e,6.1,14,,M,M,4,2e 21e,,
11,29,2023,65,38,52,e,13,e e.ee,0,e.e,e,9.6,21,,M,M,7,26 19e,,
11,30,2023,63,54,59,7,6,e e.e6,0.06,e.e,e,8.4,14,,M,M,9 12,M,M,
12,1,2023,61,43,52,,13,e e.ee,0,e.e,e,8.7,17,,M,M,4,,24 3ee,
12,2,2023,66,39,53,2,12,e,0.2,e.e,e,5,15,,M,M,5,,20 270,
12,3,2023,74,38,56,5,9,e e.ee,0,e.e,e 11.4 24 360,11.4,24,,M,M,1,,33 34e,
12,4,2023,64,42,53,2,12,e e.ee,0,e.e,e,5.7,14,,M,M,,8,20 320,
12,5,2023,71,39,55,5,le,e e.ee,0,e.e,e,4.5,12,le,M,M,e,,16 350,
12,6,2023,66,41,54,4,11,e e.ee,0,e.e,e,6.3,13,,M,M,4,,17 ne,
12,7,2023,71,48,60,le,5,e e.ee,0,e.e,e 16.2,16.2,30,,M,M,6,,38 19e,
12,8,2023,80,60,70,2e,e,5 e.ee,0,e.e,e 16.e,16,28,,M,M,4,,35 2ee,
12,9,2023,66,44,55,6,le,e e.ee,0,e.e,e 15.e,15,24,,M,M,2,,33 310,
12,10,2023,53,35,44,-5,21,e e.ee,0,e.e,e,9.5,17,,M,M,3,,22 340,
12,11,2023,65,35,50,1,15,e e.ee,0,e.e,e,7.1,13,,M,M,3,,17 140,
12,12,2023,65,40,53,4,12,e e.ee,0,e.e,e,7,15,,M,M,8,,22 140,
12,13,2023,63,46,55,7,le,e e.ee,0,e.e,e,8,20,,M,M,8,,26 12e,
12,14,2023,63,42,53,5,12,e e.ee,0,e.B,e,8.7,17,,M,M,6,,24 130,
12,15,2023,59,47,53,5,12,e e.6e,0.6,e.e,e,9.3,21,,M,M,9,,3e 150,
12,16,2023,59,42,51,3,14,e e.ee,0,e.e,e 10.4,10.4,20,,M,M,e,,26 3ee,
12,17,2023,72,37,55,7,le,e e.ee,0,e.B,e,5,10,,M,M,,,13 220,
12,18,2023,63,44,54,7,11,e e.ee,0,e.e,e,9,20,2e,M,M,,,25,le
12,19,2023,60,37,49,2,16,e e.ee,0,e.e,e,8.7,18,,M,M,8,,25 170,
12,20,2023,67,44,56,9,9,e e.ee,0,e.B,e,9.7,16,,M,M,7,,21 160,
12,21,2023,60,56,58,11,7,e 1.16,1.16,e.e,e,8.5,14,,M,M,le 1,,18 160,
12,22,2023,68,56,62,15,3,e e.e7,0.07,e.e,e,7.3,14,,M,M,7,,21 22e,
12,23,2023,65,60,63,16,2,e e.19,0.19,e.e,e,9.9,20,,M,M,le 1,,27 140,
12,24,2023,66,47,57,11,8,e 1.53,1.53,e.e,e 13.8,13.8,20,,M,M,9 13,,4e 31e,
12,25,2023,51,37,44,-2,21,e e.ee,0,e.e,e 14.4,14.4,29,,M,M,3,,38 32e,
12,26,2023,56,31,44,-2,21,e e.ee,0,e.e,e le. 2,10.2,26,,M,M,2,,30 19e,
12,27,2023,51,37,44,-2,21,e e.ee,0,e.e,e 12.e,12,22,,M,M,1,,30 320,
12,28,2023,50,35,43,,22,e e.ee,0,e.e,e 10.4,10.4,23,,M,M,6,,31 340,
12,29,2023,56,34,45,-1,2e,e e.ee,0,e.e,e 12.6,12.6,20,,M,M,2,,26 3ee,
12,30,2023,66,33,50,4,15,e e.ee,0,e.e,e,5.9,13,,M,M,e,,240,
12,31,2023,67,38,53,7,12,e e.ee,0,e.e,e,7,22,le,M,M,5,,28 36e,
